activationTime,firstBillNumber,lastBillNumber,taxableBase,totalWithDiscount,discountsTotal,total,tip,tax 10%,tax 21%,card,cash,delitbee,gloriafood,glovo,justeat,shop,uber
03/01/2024,LS6700,LS6708,"183,80","225,97","23,79","202,18","0,00","18,38",,"17,40","24,00",,,"22,39",,,"138,39"
04/01/2024,LS6709,LS6714,"120,71","141,67","8,89","132,78","1,00","12,07",,"20,00",,,,"27,99",,"73,40","12,39"
05/01/2024,LS6715,LS6725,"278,51","315,26","8,89","306,37","0,00","27,86",,"56,10","53,00",,,"51,88",,"110,00","35,39"
06/01/2024,LS6726,LS6741,"351,62","439,90","52,94","386,96","1,07","34,98","0,36","155,96",,,,,,"126,37","105,70"
07/01/2024,LS6742,LS6761,"405,97","565,24","117,57","447,67","1,05","39,56","2,14","52,20","56,20",,,"126,55",,"83,45","130,32"
08/01/2024,LS6762,LS6769,"191,17","228,06","17,78","210,28","0,00","19,11",,"28,30","46,00",,,,,"111,90","24,08"
10/01/2024,LS6770,LS6786,"348,34","504,57","120,70","383,87","0,00","34,20","1,33","107,40","13,90",,,"120,27",,"58,00","84,30"
11/01/2024,LS6787,LS6794,"144,90","220,48","61,10","159,38","0,00","14,48",,"20,90","8,50",,,"69,08",,"46,00","14,90"
12/01/2024,LS6795,LS6810,"381,22","541,36","122,04","419,32","0,00","38,10",,"185,30","30,80",,,"58,38",,"22,80","122,04"
13/01/2024,LS6811,LS6832,"538,51","759,11","166,76","592,35","3,05","53,84",,"142,30","55,50",,,"17,89",,"72,15","307,56"
14/01/2024,LS6833,LS6851,"356,68","447,94","55,58","392,36","0,00","35,68",,"57,20","48,50",,,"61,38",,"101,10","124,18"
15/01/2024,LS6852,LS6862,"163,52","237,47","57,59","179,88","0,00","16,36",,"43,50","3,50",,,"32,79",,"35,90","64,19"
17/01/2024,LS6863,LS6878,"405,09","505,94","59,09","446,85","0,00","39,33","2,43","169,70","17,40",,,"151,15",,"30,60","78,00"
18/01/2024,LS6879,LS6886,"118,47","227,76","97,28","130,48","1,05","11,70","0,31",,"3,00",,,"26,79",,"22,05","79,69"
19/01/2024,LI23,LS6916,"590,22","867,71","218,49","649,22","0,79","59,00",,"103,20","15,00",,,"232,22",,"169,29","130,30"
20/01/2024,LI24,LS6939,"457,25","641,91","138,96","502,95","2,00","45,70",,"74,90","23,40",,,"48,68",,"182,80","175,17"
21/01/2024,LS6940,LS6954,"336,32","457,63","86,88","370,75","0,00","32,92","1,51","138,30","19,90",,,"112,36",,"27,90","72,29"
22/01/2024,LS6955,LS6961,"141,23","200,06","44,70","155,36","0,00","14,13",,,,,,"105,56",,"22,50","27,30"
24/01/2024,LS6962,LS6969,"124,14","177,56","40,68","136,88","0,00","12,13","0,61","20,00","4,00",,,"12,89",,"49,70","50,29"
25/01/2024,LS6970,LS6979,"242,13","355,55","88,89","266,66","0,00","23,92","0,61","32,30","33,00",,,"82,66",,"74,00","44,70"
26/01/2024,LI25,LS7005,"680,92","899,39","148,62","750,77","0,00","66,50","3,35","240,10","41,44",,,"124,94",,"174,30","169,99"
27/01/2024,LS7006,LS7025,"486,71","627,15","90,91","536,24","0,00","47,88","1,65","179,87","47,40",,,"63,88",,"151,30","93,79"
28/01/2024,LS7026,LS7045,"363,59","525,87","125,05","400,82","0,00","35,58","1,65","67,20","10,50",,,"142,83",,"83,80","96,49"
29/01/2024,LI26,LS7057,"289,04","360,96","42,69","318,27","0,00","28,62","0,61","142,00",,,,"52,98",,"51,20","72,09"
31/01/2024,LS7058,LS7065,"173,68","290,30","99,26","191,04","0,00","17,36",,,"12,00",,,"69,66",,"22,80","86,58"
01/02/2024,LS7066,LS7077,"251,18","354,79","76,68","278,11","0,00","23,43","3,50","101,55","10,85",,,"34,88",,"20,00","110,83"
02/02/2024,LS7078,LS7103,"492,51","742,13","199,11","543,02","2,00","48,08","2,43","119,36","53,00",,,"150,50",,"110,80","111,36"
03/02/2024,LS7104,LS7124,"403,87","689,84","245,60","444,24","0,00","40,37",,"77,64","2,80",,,"158,22",,"95,70","109,88"
04/02/2024,LI27,LS7139,"352,71","501,61","113,37","388,24","0,00","35,01","0,52","53,20","27,50",,,"151,25",,"54,60","101,69"
05/02/2024,LS7140,LS7150,"194,30","295,40","81,36","214,04","0,00","19,13","0,61","26,30",,,,"82,65",,"32,10","72,99"
07/02/2024,LS7153,LS7162,"165,08","221,99","40,40","181,59","0,00","16,51",,"91,80","8,00",,,"43,39",,"23,50","14,90"
08/02/2024,LS7163,LS7173,"194,33","269,34","55,58","213,76","0,00","19,43",,"52,70","26,40",,,"68,86",,"50,90","14,90"
09/02/2024,LI28,LS7205,"580,34","812,58","173,55","639,03","1,60","57,42","1,27","107,90","41,50",,,"129,45",,"172,60","189,18"
10/02/2024,LS7206,LS7228,"423,09","649,25","182,84","466,41","1,20","41,34","1,98","139,10","23,90",,,"49,27",,"88,80","166,54"
11/02/2024,LS7229,LS7250,"412,06","630,65","177,41","453,24","3,13","41,18","0,00","92,60","49,80",,,"74,45",,"92,73","146,79"
12/02/2024,LS7251,LS7257,"193,16","266,77","54,29","212,48","0,00","19,32","0,00","18,10",,,,"85,68",,"62,20","46,50"
14/02/2024,LS7259,LS7273,"314,51","444,25","97,49","346,76","0,00","30,69","1,56","206,70","51,10",,,"68,66",,"20,30",
15/02/2024,LS7275,LS7291,"156,70","779,74","607,38","172,36","0,00","15,66",,"22,80","38,30",,,"79,76",,"31,50",
16/02/2024,LS7292,LS7318,"499,83","687,52","135,67","551,85","1,00","48,09","3,93","238,80","52,80",,,"98,66",,"132,30","30,29"
17/02/2024,LI29,LS7335,"341,88","515,27","138,95","376,32","0,00","33,95","0,49","42,40","27,30",,,"140,13",,"54,30","112,19"
18/02/2024,LS7336,LS7356,"353,24","552,14","163,33","388,81","1,63","35,05","0,52","60,80","26,80",,,"173,02",,"35,43","94,39"
21/02/2024,LS7357,LS7371,"267,08","413,42","119,64","293,78","1,00","26,70",,"71,40","60,90",,,"60,27",,"5,95","96,26"
22/02/2024,LS7372,LS7381,"228,58","344,03","92,18","251,85","0,70","22,44","0,83","36,00","12,00",,,"139,95",,"30,80","33,80"
23/02/2024,LS7382,LS7396,"312,50","436,60","92,85","343,75","1,00","31,25",,"77,50","9,45",,,"29,90",,"22,00","205,90"
24/02/2024,LS7397,LS7419,"414,17","597,90","141,06","456,84","4,83","40,24","2,43","156,90","41,50",,,"101,96",,"35,33","125,98"
25/02/2024,LS7420,LS7444,"393,85","563,29","130,06","433,23","0,00","39,38",,"138,40","40,00",,,"79,67",,"53,00","122,16"
28/02/2024,LS7445,LS7453,"194,78","296,71","82,47","214,24","0,00","19,46",,"47,50",,,,"146,34",,,"20,40"
29/02/2024,LS7454,LS7470,"307,86","468,66","129,20","339,46","0,00","30,04","1,56","20,00","6,95",,,"161,43",,"108,40","42,68"
01/03/2024,LS7471,LS7494,"576,73","772,57","138,16","634,41","0,00","57,68",,"94,60","71,90",,,"127,02",,"181,20","159,69"
02/03/2024,LS7495,LS7519,"592,64","807,54","154,85","652,69","0,00","58,59","1,46","95,30","26,60",,,"185,71",,"273,40","71,68"
03/03/2024,LS7520,LS7538,"387,98","569,31","142,28","427,03","0,92","38,56","0,49","72,70","27,70",,,"88,26",,"155,82","83,47"
04/03/2024,LS7539,LS7545,"142,26","203,28","46,80","156,48","0,77","14,22",,"52,60","21,40",,,"50,28",,"18,97","14,00"
06/03/2024,LI30,LS7561,"316,21","426,96","79,16","347,80","0,00","31,59",,"46,00","27,40",,,"148,74",,"59,20","66,46"
07/03/2024,LS7562,LS7571,"255,62","307,59","26,40","281,19","0,00","25,57",,"23,30",,,,"74,99",,,"182,90"
08/03/2024,LI31,LS7594,"553,87","659,57","50,07","609,50","0,00","55,14","0,49","251,71","39,90",,,"172,23",,"89,30","56,36"
09/03/2024,LS7595,LS7613,"398,59","456,57","17,30","439,27","2,80","39,10","1,58","55,90","29,20",,,"77,73",,"153,50","125,74"
10/03/2024,LI32,LS7639,"470,89","545,69","27,74","517,95","1,29","47,06",,"136,92","18,20",,,"63,49",,"182,89","117,74"
11/03/2024,LS7640,LS7646,"69,89","81,29","4,16","77,13","0,00","6,75","0,49","11,90","4,30",,,"44,29",,,"16,64"
13/03/2024,LS7647,LS7652,"138,64","152,90","0,40","152,50","0,00","13,86",,"20,00","15,00",,,"39,60",,"11,90","66,00"
14/03/2024,LS7653,LS7659,"141,74","159,09","3,18","155,91","0,00","14,17",,"12,90","26,40",,,"22,89",,"81,00","12,72"
15/03/2024,LS7660,LS7676,"425,17","483,58","15,89","467,69","0,00","42,52",,"64,90","81,30",,,"102,51",,"123,30","95,68"
16/03/2024,LI33,LS7697,"467,95","528,87","14,14","514,73","0,00","46,78",,"211,20","99,20",,,"92,71",,"99,40","12,22"
17/03/2024,LS7698,LS7715,"557,54","636,29","23,00","613,29","3,70","55,75",,"294,05","72,13",,,"20,31",,"214,60","15,90"
20/03/2024,LS7716,LS7719,"82,59","98,59","7,74","90,85","0,00","8,26",,"20,00",,,,"38,95",,,"31,90"
21/03/2024,LS7720,LS7735,"315,63","365,86","18,68","347,18","0,00","31,55",,"50,80",,,,"140,38",,"139,60","16,40"
22/03/2024,LI34,LS7748,"252,33","297,50","19,65","277,85","0,00","24,96","0,56","91,80","120,75",,,,,"28,00","37,30"
23/03/2024,LI35,LS7771,"684,27","892,78","140,10","752,68","2,18","68,41",,"299,60","47,20",,,"114,58",,"121,28","172,20"
24/03/2024,LS7772,LS7790,"367,14","502,20","98,10","404,10","0,00","36,47","0,49","99,00",,,,"16,40",,"175,00","113,70"
25/03/2024,LS7791,LS7794,"72,24","103,80","24,34","79,46","0,00","7,22",,"27,66","14,40",,,,,"22,50","14,90"
27/03/2024,LS7795,LS7814,"458,40","607,97","102,83","505,14","0,00","44,99","1,75","212,00",,,"61,27","81,28",,"91,90","58,69"
28/03/2024,LS7815,LS7834,"415,99","633,80","176,00","457,80","1,09","41,32","0,49","131,50",,,"76,30","38,70",,"119,49","92,90"
29/03/2024,LS7835,LS7855,"415,28","613,89","157,10","456,79","0,00","41,51",,"124,00","32,80",,"49,20","36,99",,"61,70","152,10"
30/03/2024,LS7856,LS7876,"428,00","574,19","102,85","471,34","0,00","42,30","1,04","143,00","36,20",,"48,95","36,99",,"105,90","100,30"
31/03/2024,LS7877,LS7900,"495,46","696,08","151,08","545,00","0,00","49,54",,"191,60",,,"113,52","49,19",,"51,30","139,39"
01/04/2024,LS7901,LS7913,"213,93","360,79","125,50","235,29","0,00","21,36",,,"2,80",,"32,50","89,39",,,"110,60"
03/04/2024,LS7914,LS7928,"318,16","492,29","141,70","350,59","0,00","31,22","1,21","89,20","58,90",,"72,30","40,89",,"11,90","77,40"
04/04/2024,LI36,LS7943,"485,08","809,10","275,52","533,58","0,00","48,50",,"404,08","26,50",,"35,50","14,90",,,"52,60"
05/04/2024,LS7944,LS7973,"666,00","881,98","149,40","732,58","0,00","66,58",,"183,20","150,70",,"42,40","81,29",,"62,60","212,39"
06/04/2024,LS7974,LS8000,"663,18","950,79","220,74","730,05","0,00","65,78","1,09","398,70","102,16",,"24,60","51,69",,,"152,90"
07/04/2024,LS8001,LS8026,"609,94","881,00","209,82","671,18","0,00","60,75","0,49","192,33","87,73",,"39,62","110,20",,"132,70","108,60"
10/04/2024,LS8027,LS8045,"346,70","446,84","62,64","384,20","0,00","32,06","5,44","83,80","6,50",,"21,26","38,70",,"20,40","213,54"
11/04/2024,LS8046,LS8060,"283,91","415,48","103,20","312,28","0,00","28,37",,"29,70",,,,"88,49",,"62,10","131,99"
12/04/2024,LS8061,LS8086,"610,57","823,37","151,75","671,62","0,00","61,05",,"283,41","41,77",,"81,37","146,17",,"43,20","75,70"
13/04/2024,LS8087,LS8110,"497,79","802,49","254,96","547,53","0,00","49,74",,"187,42","5,30",,"105,82","116,39",,,"132,60"
14/04/2024,LS8111,LS8136,"593,99","787,38","134,00","653,38","0,00","59,39",,"297,00","39,70",,"99,10","83,99",,,"133,59"
17/04/2024,LI37,LS8150,"281,73","459,60","149,71","309,89","2,49","28,16",,"79,00","14,40",,"85,29","12,90",,"65,69","55,10"
18/04/2024,LS8151,LS8170,"398,09","681,99","244,10","437,89","0,00","39,80",,"105,70","58,40",,"70,60","131,69",,"32,80","38,70"
19/04/2024,LI38,LS8200,"705,79","956,94","180,60","776,34","3,70","70,55",,"289,90","57,20",,"19,50","205,14",,"70,60","137,70"
20/04/2024,LS8201,LS8229,"710,66","965,00","182,80","782,20","0,00","70,57","0,97","472,40","89,20",,"33,00","68,30",,"17,20","102,10"
21/04/2024,LS8230,LS8256,"905,40","1.178,35","182,43","995,92","0,00","90,52",,"528,20","8,40",,"51,47","132,27",,"53,70","221,88"
24/04/2024,LS8257,LS8268,"195,45","318,69","103,70","214,99","0,00","19,54",,"19,40","3,00",,"57,50","47,69",,,"87,40"
25/04/2024,LI39,LS8290,"504,43","776,69","221,83","554,86","0,00","50,43",,"239,70",,,"38,07","126,39",,,"150,70"
26/04/2024,LS8291,LS8325,"739,82","1.031,27","217,23","814,04","1,10","73,70","0,52","200,40","90,80",,"42,87","133,48",,"89,00","258,59"
27/04/2024,LS8326,LS8357,"674,16","1.005,17","263,13","742,04","0,00","66,91","0,97","251,70","64,20",,"121,17","63,69",,,"241,28"
28/04/2024,LS8358,LS8377,"394,73","584,89","150,70","434,19","0,00","39,46",,"52,80","73,70",,"35,20","40,89",,"28,60","203,00"
01/05/2024,LS8378,LS8393,"341,69","505,49","129,64","375,85","0,00","34,16",,"133,60",,,"50,86","94,09",,,"97,30"
02/05/2024,LS8394,LS8406,"284,27","386,68","74,00","312,68","0,00","28,41",,"103,60","26,10",,"52,50","57,98",,,"72,50"
03/05/2024,LS8407,LS8415,"182,14","231,40","31,06","200,34","0,00","18,20",,"90,74",,,"16,90","12,90",,,"79,80"
04/05/2024,LS8416,LS8428,"420,33","572,09","109,50","462,59","0,00","41,77","0,49","260,80",,,"64,00","35,99",,,"101,80"
05/05/2024,LS8429,LS8449,"576,00","781,29","147,70","633,59","0,00","57,59",,"348,10","22,50",,"36,50","51,99",,,"174,50"
06/05/2024,LS8450,LS8450,"17,73","29,30","9,80","19,50","0,00","1,77",,,,,"19,50",,,,
08/05/2024,LS8451,LS8465,"327,82","492,40","131,28","361,12","2,60","32,33","0,97","100,40","67,60",,"52,72",,,"53,40","89,60"
09/05/2024,LS8466,LS8481,"280,48","428,08","118,90","309,18","0,30","27,43","1,27","91,40","78,90",,,"63,18",,,"76,00"
10/05/2024,LS8482,LS8507,"558,05","808,39","194,30","614,09","0,00","55,61","0,43","268,20","2,50",,"104,90","59,70",,,"178,79"
11/05/2024,LS8508,LS8537,"760,89","998,37","161,09","837,28","0,00","75,78","0,61","346,50","91,60",,"88,81","66,78",,"151,10","92,49"
12/05/2024,LS8538,LS8564,"978,60","1.243,78","167,02","1.076,76","0,00","97,55","0,61","783,28","25,60",,"75,20","71,68",,"29,60","91,40"
15/05/2024,LS8565,LS8582,"341,04","553,79","178,38","375,41","0,00","33,88","0,49","118,02","125,20",,"17,00","59,59",,,"55,60"
16/05/2024,LS8583,LS8596,"246,25","368,09","97,20","270,89","0,00","24,64",,"64,00","20,00",,"79,20","63,59",,,"44,10"
17/05/2024,LS8597,LS8616,"389,32","631,98","203,76","428,22","0,00","38,90",,"18,90","56,35",,"59,79","156,08",,"33,80","103,30"
18/05/2024,LS8617,LS8642,"558,73","769,17","154,60","614,57","0,00","55,84",,"195,80","1,50",,"74,40","130,17",,"25,80","186,90"
19/05/2024,LI40,LS8666,"659,55","852,08","126,60","725,48","0,00","65,93",,"322,70","64,30",,"52,30","98,48",,,"187,70"
22/05/2024,LS8667,LS8680,"262,73","377,18","88,20","288,98","0,00","26,25",,"39,60","20,00",,,"106,98",,"55,20","67,20"
23/05/2024,LS8681,LS8692,"229,55","334,97","82,20","252,77","0,00","22,70","0,52","37,90",,,"28,50","87,77",,,"98,60"
24/05/2024,LS8693,LS8718,"661,99","861,09","132,93","728,16","0,00","66,17",,"304,41","138,16",,"54,40","49,89",,"35,80","145,50"
25/05/2024,LS8719,LS8743,"591,09","741,98","91,80","650,18","0,00","59,09",,"403,50","31,90",,,"106,48",,,"108,30"
26/05/2024,LS8744,LS8770,"590,75","915,00","265,20","649,80","0,00","59,05",,"131,21","18,20",,"105,89","77,40",,"117,60","199,50"
29/05/2024,LI41,LS8781,"181,62","283,20","83,18","200,02","0,00","17,91","0,49","27,82","63,80",,,"52,60",,,"55,80"
30/05/2024,LI42,LS8798,"354,17","549,90","160,30","389,60","0,00","35,43",,"133,40","36,00",,"49,70","55,40",,"30,30","84,80"
31/05/2024,LS8799,LS8833,"806,88","1.105,59","217,55","888,04","0,00","80,15","1,01","440,60",,,"79,85","106,79",,"89,50","171,30"
01/06/2024,LS8834,LS8860,"712,91","971,79","187,59","784,20","3,11","71,29",,"185,21","137,10",,"132,50","62,09",,"96,81","173,60"
02/06/2024,LS8861,LS8895,"987,35","1.310,66","223,80","1.086,86","0,00","97,98","1,53","315,00","199,30",,"204,70","127,26",,"59,20","181,40"
05/06/2024,LS8896,LS8907,"188,18","277,99","71,00","206,99","0,00","18,81",,"79,40","23,80",,,"73,99",,,"29,80"
06/06/2024,LS8908,LS8919,"285,37","416,00","102,10","313,90","0,00","28,53",,"148,40","37,70",,"22,50","55,60",,,"49,70"
07/06/2024,LI43,LS8948,"745,48","950,89","130,40","820,49","0,60","74,04","0,97","483,70","95,00",,"38,80","66,59",,"42,00","95,00"
08/06/2024,LS8949,LS8970,"469,28","666,39","149,88","516,51","0,00","46,62","0,61","190,82","18,40",,"64,30","44,79",,"29,60","168,60"
09/06/2024,LS8971,LS8989,"315,23","424,18","77,00","347,18","0,00","31,08","0,87","51,30","78,60",,"47,90","95,99",,"19,40","53,99"
12/06/2024,LS8990,LS9005,"354,35","514,50","124,40","390,10","1,39","35,14","0,61","109,00","67,40",,"24,10","25,80","30,50","31,69","103,00"
13/06/2024,LI44,LS9019,"400,91","556,20","115,20","441,00","0,00","40,09",,"116,10","129,00",,,"84,40","32,00","39,00","40,50"
14/06/2024,LI45,LS9044,"755,94","1.085,60","254,07","831,53","0,00","75,59",,"211,40","260,28",,"125,45","60,40","32,50",,"141,50"
15/06/2024,LS9045,LS9074,"931,19","1.219,40","194,60","1.024,80","0,00","92,64","0,97","393,60","164,60",,"71,90","80,50","125,70",,"188,50"
16/06/2024,LI46,LS9107,"793,29","1.176,00","303,40","872,60","0,00","79,31",,"315,15","49,55",,"56,80","161,30","130,40",,"159,40"
19/06/2024,LS9109,LS9122,"347,62","485,50","102,80","382,70","1,70","34,47","0,61","92,00","131,70",,"67,30","62,60",,,"30,80"
20/06/2024,LS9123,LS9137,"443,84","580,90","92,37","488,53","0,00","44,08","0,61","207,03",,,"24,50","53,60","97,50",,"105,90"
21/06/2024,LS9138,LS9170,"815,55","991,89","93,40","898,49","0,00","80,32","2,62","554,00","81,50",,"66,40","87,59","42,20",,"66,80"
22/06/2024,LI47,LS9206,"826,02","1.137,00","227,40","909,60","0,00","81,64","1,94","549,60","23,40",,,"144,50","36,80",,"155,30"
23/06/2024,LS9207,LS9235,"802,91","987,30","104,09","883,21","0,00","80,30",,"587,91","59,80",,"106,50","40,70","61,50",,"26,80"
27/06/2024,LI48,LS9256,"788,24","1.105,30","238,27","867,03","0,00","78,79",,"519,58","107,40",,"116,55","20,50","30,50",,"72,50"
28/06/2024,LS9257,LS9288,"724,25","978,80","181,80","797,00","0,00","72,14","0,61","205,60","86,70",,"157,50","206,00","28,50","30,10","82,60"
29/06/2024,LS9289,LS9306,"459,23","551,30","45,90","505,40","0,00","45,68","0,49","256,60","14,70",,"99,30",,"39,00",,"95,80"
30/06/2024,LS9307,LS9342,"837,94","1.063,99","142,00","921,99","0,00","83,56","0,49","119,80","79,50",,"182,60","173,79","69,00",,"297,30"
04/07/2024,LS9343,LS9353,"234,26","296,10","38,40","257,70","0,00","23,44",,"101,40",,,"50,80","28,00",,,"77,50"
05/07/2024,LS9354,LS9381,"726,83","839,80","40,30","799,50","0,40","72,67",,"295,10","232,70",,"99,00","54,30",,,"118,80"
06/07/2024,LS9382,LS9404,"622,93","825,10","139,35","685,75","2,80","61,84","0,98","215,70","112,70",,"176,85","23,50","30,50",,"129,30"
07/07/2024,LS9405,LS9430,"559,63","648,59","33,00","615,59","2,41","55,96",,"218,40","81,30",,"15,40","131,99",,"53,11","117,80"
10/07/2024,LS9431,LS9441,"231,01","299,60","44,98","254,62","0,00","22,64","0,97","49,72","48,80",,"89,00","18,40",,,"48,70"
11/07/2024,LS9442,LS9455,"414,27","483,70","28,00","455,70","1,50","41,43",,"189,50","35,10",,"115,40",,,"30,10","87,10"
12/07/2024,LS9456,LS9484,"760,40","921,70","84,70","837,00","0,00","75,51","1,09","472,60","138,80",,"47,40","46,40",,,"131,80"
13/07/2024,LS9485,LS9499,"339,95","459,10","84,60","374,50","0,00","33,51","1,04","144,90","46,40",,"59,50","48,90",,,"74,80"
14/07/2024,LS9500,LS9519,"526,45","667,79","88,70","579,09","0,00","52,64",,"111,90","56,80",,"111,40","37,40","93,90",,"167,69"
17/07/2024,LS9520,LS9530,"285,44","348,10","33,80","314,30","0,00","28,25","0,61","124,00","47,80",,,"94,80",,,"47,70"
18/07/2024,LS9531,LS9549,"433,26","549,60","73,00","476,60","0,00","43,34",,"212,70","41,90",,"88,00","74,20",,,"59,80"
19/07/2024,LS9550,LS9577,"650,85","817,40","101,20","716,20","0,00","64,86","0,49","268,20","48,50",,"201,30","41,30","49,40",,"107,50"
20/07/2024,LS9578,LS9598,"414,20","542,99","87,35","455,64","0,00","41,44",,"134,90","10,90",,"92,05","40,99",,,"176,80"
21/07/2024,LS9599,LS9614,"233,28","382,79","126,20","256,59","0,00","23,31",,"48,50","36,80",,"14,90","60,69",,,"95,70"
24/07/2024,LS9615,LS9626,"242,21","332,19","64,60","267,59","0,00","23,21","2,17","153,10","15,40",,,"51,39",,,"47,70"
25/07/2024,LI49,LS9645,"421,55","545,90","82,21","463,69","0,00","42,14",,"216,99","24,00",,"170,00","32,80",,,"19,90"
26/07/2024,LS9646,LS9665,"414,17","525,99","70,40","455,59","0,00","41,42",,"86,90","95,70",,,"80,29",,"30,60","162,10"
27/07/2024,LS9666,LS9680,"400,03","484,39","44,36","440,03","0,00","40,00",,"118,50","196,50",,"52,60","16,32",,,"56,11"
28/07/2024,LS9681,LS9694,"302,12","398,70","66,38","332,32","0,00","30,20",,"105,70","6,50",,"15,40","88,74","30,50",,"85,48"
31/07/2024,LS9695,LS9711,"377,45","452,70","36,96","415,74","0,00","37,20","1,09","160,20","40,20",,"44,40","50,82","80,40",,"39,72"
01/08/2024,LS9712,LS9731,"483,74","580,50","48,38","532,12","0,00","48,38",,"127,00","95,70",,"108,50","31,16","81,40",,"88,36"
02/08/2024,LS9732,LS9748,"355,75","431,30","39,66","391,64","3,80","35,28","0,61","138,00","53,80",,"24,00","29,00","73,20","19,20","58,24"
03/08/2024,LI50,LS9760,"248,15","294,79","21,85","272,94","1,90","24,79",,"68,30","8,90",,"50,80","70,44","36,50",,"39,90"
04/08/2024,LS9761,LS9784,"532,16","767,60","182,24","585,36","0,00","53,20",,"136,90","58,40",,"26,50","112,94",,"51,70","198,92"
05/08/2024,LS9785,LS9791,"134,30","206,70","58,98","147,72","0,00","13,42",,,,,,"119,92",,,"27,80"
06/08/2024,LI51,LS9797,"150,20","212,10","46,88","165,22","0,50","15,02",,"75,10",,,,"62,62",,,"28,00"
07/08/2024,LS9798,LS9812,"355,38","465,30","74,37","390,93","1,10","35,55",,"166,10","84,50",,"57,30","54,51",,,"29,62"
08/08/2024,LI52,LS9820,"291,91","342,50","21,40","321,10","2,40","29,19",,"175,80","51,00",,,"16,90","34,50","45,30",
09/08/2024,LS9821,LS9842,"427,58","581,90","110,79","471,11","0,00","42,07","1,46","114,30",,,"48,80","77,75","72,40","54,40","103,46"
10/08/2024,LS9843,LS9861,"320,01","455,50","103,02","352,48","0,00","31,50","0,97","114,20","18,80",,"25,50","66,20","23,00",,"104,78"
11/08/2024,LI53,LS9876,"337,16","450,89","80,02","370,87","0,00","33,71",,"126,00","29,60",,"82,10","35,42","31,50",,"66,25"
12/08/2024,LS9877,LS9886,"180,75","281,79","82,98","198,81","0,00","18,06",,"46,70",,,,"32,30","34,80",,"85,01"
13/08/2024,LS9887,LS9893,"138,56","180,20","27,80","152,40","0,00","13,84",,,"9,90",,,"82,70","45,90",,"13,90"
14/08/2024,LS9894,LS9912,"419,12","606,69","144,98","461,71","0,00","41,28","1,31","134,85","68,15",,"47,30","15,90",,,"195,51"
15/08/2024,LS9913,LS9932,"372,34","477,40","67,82","409,58","0,00","37,24",,"130,40","62,10",,"51,20","54,36","34,50",,"77,02"
16/08/2024,LS9927,LS9951,"374,95","556,99","143,61","413,38","0,00","36,64","1,79","72,20","9,90",,,"125,38","49,90",,"156,00"
17/08/2024,LI54,LS9969,"438,04","595,70","113,90","481,80","0,00","43,76",,"100,12","59,30",,"56,30","46,20","88,70",,"131,18"
18/08/2024,LI55,LS9993,"528,37","737,60","156,42","581,18","0,00","52,81",,"76,30","22,80",,"81,10","158,26","103,90",,"138,82"
19/08/2024,LS9994,LS10005,"209,36","345,29","114,80","230,49","0,00","20,73","0,40",,,,,"38,54","60,40",,"131,55"
20/08/2024,LS10006,LS10010,"94,90","150,30","44,02","106,28","0,00","7,77","3,61","15,40",,,,"60,46",,,"30,42"
21/08/2024,LS10011,LS10022,"318,91","431,10","80,32","350,78","0,00","31,87",,,,,"22,80","79,60","81,90",,"166,48"
22/08/2024,LS10023,LS10038,"453,27","576,90","78,32","498,58","0,00","45,31",,"141,70",,,"127,10","41,70","96,50",,"91,58"
23/08/2024,LS10039,LS10056,"399,21","530,00","90,68","439,32","0,00","39,71","0,40","179,80","20,10",,"72,64","58,40",,,"108,38"
24/08/2024,LS10057,LS10072,"350,69","456,10","70,34","385,76","0,00","35,07",,"138,50","68,90",,"48,10","39,86",,,"90,40"
25/08/2024,LI56,LS10094,"441,56","648,88","163,18","485,70","0,00","44,14",,"146,80",,,,"138,21",,,"200,69"
26/08/2024,LS10095,LS10104,"236,36","304,50","44,16","260,34","0,00","23,29","0,69","55,90",,,"19,50","69,42","82,30",,"33,22"
27/08/2024,LS10106,LS10112,"178,32","224,30","27,55","196,75","0,00","17,33","1,10","112,70",,,"11,90","48,31",,,"23,84"
28/08/2024,LI57,LS10130,"323,98","465,29","108,92","356,37","0,00","32,39",,"107,10","21,00",,"54,00","98,02",,,"76,25"
29/08/2024,LS10131,LS10150,"390,05","520,60","91,26","429,34","0,00","38,80","0,49","213,20","35,50",,"42,40","89,34","32,00",,"16,90"
30/08/2024,LS10151,LS10176,"719,81","895,69","103,66","792,03","0,00","71,73","0,49","414,00","10,00",,"77,30","51,72","36,30","23,00","179,71"
31/08/2024,LS10177,LS10198,"494,20","615,99","72,38","543,61","0,00","49,41",,"238,80","83,30",,"20,50","81,50","69,60",,"49,91"
01/09/2024,LS10199,LS10231,"638,80","819,90","116,96","702,94","0,00","63,65","0,49","215,90","99,50",,"122,20","30,80","33,50",,"201,04"
02/09/2024,LS10232,LS10240,"221,61","293,30","49,52","243,78","0,00","22,17",,"11,90",,,"34,50","42,96","101,40",,"53,02"
03/09/2024,LS10241,LS10249,"160,84","211,89","34,97","176,92","0,00","16,08",,"58,00",,,"15,40","62,52","41,00",,
04/09/2024,LS10250,LS10266,"374,76","501,19","88,70","412,49","0,00","37,24","0,49","141,90",,,,"146,43","64,60",,"59,56"
05/09/2024,LS10267,LS10282,"351,19","434,60","48,00","386,60","0,00","34,80","0,61","290,10","16,70",,"40,00","25,90",,,"13,90"
06/09/2024,LI58,LS10311,"659,85","852,20","126,36","725,84","0,00","65,99",,"342,80","39,40",,,"93,62","60,50",,"189,52"
07/09/2024,LS10312,LS10343,"590,36","837,70","188,30","649,40","0,00","59,04",,"202,90","117,50",,"55,30","78,70","18,40","42,00","134,60"
08/09/2024,LS10344,LS10362,"387,97","500,50","73,74","426,76","0,00","38,79",,"110,20",,,"91,20","47,80","40,50",,"137,06"
09/09/2024,LS10363,LS10374,"260,75","339,50","52,44","287,06","0,00","25,82","0,49","14,70","15,40",,,"27,42","108,30",,"121,24"
11/09/2024,LS10375,LS10391,"277,14","495,69","190,57","305,12","0,00","27,46","0,52","29,90","26,30",,"86,20","102,02",,,"60,70"
12/09/2024,LI59,LS10399,"470,51","732,10","214,52","517,58","0,00","47,07",,"341,28","70,30",,,"72,50","33,50",,
13/09/2024,LS10400,LS10426,"657,45","808,10","83,58","724,52","0,00","64,52","2,55","467,52",,,"81,50","35,70","112,00",,"27,80"
14/09/2024,LS10427,LS10456,"527,57","678,30","97,66","580,64","0,00","52,46","0,61","206,80","33,80",,"126,50","65,10","48,50",,"99,94"
15/09/2024,LS10457,LS10480,"572,69","748,50","118,55","629,95","0,00","57,26",,"155,95","17,30",,"120,62","137,94","38,50",,"159,64"
16/09/2024,LS10481,LS10485,"79,36","127,20","38,32","88,88","0,00","6,51","3,01",,,,,"40,52",,,"48,36"
17/09/2024,LS10486,LS10490,"97,58","128,00","20,66","107,34","0,00","9,76",,,,,,"25,52","46,40",,"35,42"
18/09/2024,LS10491,LS10505,"307,59","377,90","39,30","338,60","0,00","30,52","0,49","124,40","19,20",,"42,90","30,80","107,40",,"13,90"
19/09/2024,LS10506,LS10529,"499,63","662,60","113,02","549,58","0,00","49,95",,"172,50","11,90",,"30,80","129,24","89,40",,"115,74"
20/09/2024,LS10530,LS10562,"772,05","998,00","148,10","849,90","0,00","76,63","1,22","284,72","32,20",,"156,30","122,02","62,50",,"192,16"
21/09/2024,LS10563,LS10593,"727,72","992,60","192,04","800,56","0,00","72,67","0,17","226,92","60,50",,"60,50","156,90","70,80",,"224,94"
22/09/2024,LS10594,LS10623,"592,18","899,36","247,44","651,92","0,00","58,76","0,98","70,60","52,40",,"107,30","89,63","36,80",,"295,19"
23/09/2024,LI60,LS10629,"134,85","186,59","36,32","150,27","0,00","11,73","3,69",,"17,90",,,"24,80",,,"107,57"
24/09/2024,LS10630,LS10639,"209,09","266,50","36,48","230,02","0,00","20,93",,"11,90",,,"32,80","41,50","28,00",,"115,82"
25/09/2024,LS10640,LS10654,"301,91","369,30","36,87","332,43","0,00","29,91","0,61","91,00","22,50",,"44,78","42,33","39,00",,"92,82"
26/09/2024,LS10655,LS10676,"398,99","567,09","128,20","438,89","0,00","39,90",,"80,10","47,50",,"43,20","52,60","70,50",,"144,99"
27/09/2024,LS10658,LS10708,"799,58","1.026,10","146,06","880,04","0,00","79,49","0,97","253,00","19,90",,"140,80","135,78","127,00","23,00","180,56"
28/09/2024,LS10709,LS10745,"971,09","1.221,50","152,57","1.068,93","0,00","96,38","1,46","203,02","69,20",,"305,10","53,90","239,90",,"197,81"
29/09/2024,LS10746,LS10773,"566,47","794,10","170,91","623,19","0,00","56,55","0,17","165,30","4,00",,"49,00","27,53","17,40",,"359,96"
30/09/2024,LS10774,LS10783,"209,36","309,30","79,02","230,28","0,00","20,92",,,"18,20",,,"52,60","63,50",,"95,98"
02/10/2024,LS10784,LS10797,"257,63","369,60","86,20","283,40","0,00","25,77",,"73,75",,,"57,80","49,90","28,90",,"73,05"
03/10/2024,LS10798,LS10814,"323,03","448,36","87,42","360,94","0,00","27,22","10,69","146,40","22,00",,"70,00","25,98","18,90",,"77,66"
04/10/2024,LS10815,LS10849,"937,77","1.152,46","120,93","1.031,53","0,00","93,76",,"301,20","219,72",,"82,00","112,79","179,80",,"136,02"
05/10/2024,LI61,LS10881,"710,95","952,66","170,63","782,03","0,00","71,08",,"106,90","11,90",,"124,20","115,78","231,70",,"191,55"
06/10/2024,LS10882,LS10906,"661,40","879,20","151,64","727,56","1,50","66,16",,"164,80","56,70",,"60,00","113,80","62,00",,"271,76"
08/10/2024,LS10907,LS10916,"246,80","356,00","83,70","272,30","0,00","23,92","1,58","68,60","67,20",,"33,50","30,80",,,"72,20"
09/10/2024,LS10917,LS10934,"313,62","440,20","95,21","344,99","0,00","31,37",,"64,80","18,00",,"26,50","39,13","30,50",,"166,06"
10/10/2024,LS10935,LS10957,"398,67","499,50","60,62","438,88","0,00","39,60","0,61","129,40","10,00",,"61,02","13,90","112,50","29,30","82,76"
11/10/2024,LS10958,LS10990,"828,12","1.069,90","158,97","910,93","0,00","82,81",,"266,20",,,"70,00","140,00","233,10","32,10","169,53"
12/10/2024,LS10991,LS11023,"859,42","1.175,00","228,93","946,07","0,00","85,29","1,36","238,70","15,90",,"92,30","99,20","174,90",,"325,07"
13/10/2024,LS11024,LS11050,"630,86","933,70","239,78","693,92","0,00","63,06",,"51,50",,,"26,50","225,92","115,10",,"274,90"
14/10/2024,LS11051,LS11058,"179,18","270,70","73,61","197,09","0,00","17,91",,"34,30",,,"21,85","57,94",,,"83,00"
16/10/2024,LS11060,LS11077,"363,73","537,00","136,89","400,11","0,00","36,38",,"57,41","9,60",,"98,80","147,50","30,50",,"56,30"
17/10/2024,LS11078,LS11092,"260,11","359,40","73,28","286,12","0,00","26,01",,"69,62","42,00",,"59,00","45,90","15,80",,"53,80"
18/10/2024,LS11093,LS11115,"578,94","810,60","173,77","636,83","0,00","57,89",,"220,70",,,"54,50","30,90","177,93",,"152,80"
19/10/2024,LS11116,LS11150,"766,45","1.039,00","195,92","843,08","0,00","76,63",,"210,30","100,80",,"150,52","70,40","128,03",,"183,03"
20/10/2024,LS11151,LS11184,"787,26","1.040,99","174,07","866,92","0,00","77,84","1,82","149,20","55,20",,"98,50","114,59","197,33",,"252,10"
21/10/2024,LS11185,LS11189,"93,54","133,69","30,80","102,89","0,00","9,35",,"19,40",,,,"83,49",,,
23/10/2024,LS11190,LS11203,"315,14","414,70","68,03","346,67","0,00","31,53",,"42,90","25,00",,"22,50","14,86","83,80",,"157,61"
24/10/2024,LI63,LS11219,"616,35","910,20","232,22","677,98","0,00","61,63",,"465,31","27,80",,"55,80",,"65,00",,"64,07"
25/10/2024,LI62,LS11252,"776,59","1.059,20","204,60","854,60","0,00","77,35","0,66","163,54","55,80",,"65,30","100,16","251,50",,"218,30"
26/10/2024,LS11253,LS11286,"725,75","882,40","83,80","798,60","0,00","72,35","0,50","280,80","94,20",,"136,10",,"152,70",,"134,80"
27/10/2024,LS11287,LS11309,"536,83","695,70","105,20","590,50","0,00","53,67",,"135,20","12,70",,"165,20","32,30","65,10","73,30","106,70"
28/10/2024,LS11310,LS11313,"114,48","154,70","28,00","126,70","0,00","10,73","1,49",,"19,80",,,,,,"106,90"
30/10/2024,LS11315,LS11332,"397,13","630,40","193,54","436,86","0,00","39,73",,"96,50","0,00",,"29,50","43,50","139,23",,"128,13"
31/10/2024,LS11333,LS11375,"861,00","1.281,30","333,04","948,26","2,94","85,04","2,22","190,74","41,50",,"165,50","88,73","174,30",,"290,43"
01/11/2024,LI64,LS11403,"725,67","926,70","128,47","798,23","0,00","72,56",,"101,70","41,10",,"104,50","133,83","200,40",,"216,70"
02/11/2024,LS11404,LS11431,"716,17","929,20","140,52","788,68","0,00","70,85","1,66","130,60","35,40",,"94,50","59,78","278,10",,"190,30"
03/11/2024,LS11432,LS11453,"411,65","615,80","162,71","453,09","0,00","40,92","0,52","45,20","17,40",,"89,00","51,13","32,30",,"218,06"
04/11/2024,LS11454,LS11463,"221,95","296,10","50,41","245,69","0,00","20,79","2,95","69,30",,,,"53,43","49,13",,"73,83"
05/11/2024,LS11464,LS11469,"158,13","233,50","59,57","173,93","0,00","15,80",,,,,"28,50","26,00",,,"119,43"
06/11/2024,LS11470,LS11485,"306,61","402,70","65,11","337,59","0,00","30,37","0,61","49,20","52,20",,"27,50","67,89","41,50",,"99,30"
07/11/2024,LI65,LS11497,"279,17","379,10","71,77","307,33","0,00","27,67","0,49","82,70","12,80",,"92,70","43,13","19,40",,"56,60"
08/11/2024,LS11498,LS11530,"772,30","1.024,30","173,43","850,87","10,10","76,02","2,55","186,10","24,00",,"135,70","55,23","201,70",,"258,24"
09/11/2024,LS11531,LS11560,"681,69","885,00","134,89","750,11","0,00","67,93","0,49","212,20","52,50",,"168,45","122,90","32,50",,"161,56"
10/11/2024,LS11561,LS11584,"581,91","778,50","138,08","640,42","0,00","57,92","0,59","112,73","29,80",,"91,10","149,76","82,33",,"174,70"
11/11/2024,LS11585,LS11590,"118,69","179,90","49,34","130,56","0,00","11,87",,"11,82",,,"28,50","74,44","15,80",,
12/11/2024,LS11591,LS11598,"136,67","209,80","59,45","150,35","0,00","13,68",,,"9,90",,,"66,75",,,"73,70"
13/11/2024,LS11599,LS11614,"342,97","498,20","120,73","377,47","0,00","34,11","0,39","84,60",,,,"77,10","101,00",,"114,77"
14/11/2024,LS11615,LS11632,"350,31","472,50","85,36","387,14","0,00","33,41","3,42","78,44","2,50",,"87,30","27,80","71,00",,"120,10"
15/11/2024,LS11633,LS11660,"675,72","921,60","178,02","743,58","0,00","67,34","0,52","84,80","1,50",,"117,50","74,60","244,27",,"220,91"
16/11/2024,LI66,LS11690,"854,40","1.105,60","165,77","939,83","0,00","85,43",,"212,90","56,60",,"77,50","124,80","295,33",,"172,70"
17/11/2024,LS11691,LS11713,"437,41","625,80","144,65","481,15","0,00","43,74",,"106,20",,,"81,80","57,29","90,50",,"145,36"
18/11/2024,LS11714,LS11717,"73,45","103,40","22,60","80,80","0,00","7,35",,"30,80","19,80",,,"16,90",,,"13,30"
19/11/2024,LS11718,LS11725,"164,56","193,30","11,77","181,53","0,00","16,00","0,97","31,00","35,20",,"9,90","11,83","67,60",,"26,00"
20/11/2024,LS11726,LS11736,"216,28","310,00","72,10","237,90","0,00","21,62",,"37,20",,,"112,10","73,50","15,10",,
21/11/2024,LS11737,LS11751,"363,20","518,00","116,11","401,89","0,00","34,18","4,51","57,80",,,"27,50","71,23","129,86",,"115,50"
22/11/2024,LS11752,LS11781,"693,19","949,70","186,45","763,25","0,00","68,60","1,46","133,42","33,80",,"92,80","99,40","202,23",,"201,60"
23/11/2024,LS11782,LS11811,"620,26","879,50","197,20","682,30","0,00","62,04",,"92,20","39,80",,"160,47","128,43","111,00",,"150,40"
24/11/2024,LS11812,LS11839,"613,44","916,70","241,92","674,78","0,00","61,34",,"85,00","64,20",,"95,40","173,98","90,60",,"165,60"
25/11/2024,LS11840,LS11853,"266,66","367,30","71,61","295,69","0,00","24,50","4,53","119,90","21,80",,,"58,49",,,"95,50"
26/11/2024,LS11854,LS11865,"250,44","323,50","48,03","275,47","0,00","25,03",,"23,80","19,80",,"54,00","58,57","39,50",,"79,80"
27/11/2024,LS11866,LS11883,"511,21","691,30","128,34","562,96","0,00","50,54","1,21","90,69","76,00",,"98,90","85,17","109,72",,"102,48"
28/11/2024,LS11884,LS11905,"597,91","740,40","82,71","657,69","0,00","59,78",,"96,90","39,90",,"94,20","65,96","209,10",,"151,63"
29/11/2024,LI67,LS11936,"789,01","1.159,60","290,88","868,72","0,00","78,25","1,46","96,30","35,60",,"157,50","117,70","158,99",,"302,63"
30/11/2024,LS11937,LS11963,"682,10","913,60","162,80","750,80","0,00","67,73","0,97","128,90","19,80",,"59,00","60,84","261,33",,"220,93"
01/12/2024,LI68,LS11997,"841,43","1.223,50","297,51","925,99","0,00","83,77","0,79","85,70","114,90",,"117,70","152,56","194,83",,"260,30"
02/12/2024,LS11998,LS12012,"386,12","527,90","102,50","425,40","0,00","38,07","1,21","18,40","3,50",,"58,50","59,20","127,80",,"158,00"
03/12/2024,LS12013,LS12017,"103,36","157,60","43,90","113,70","0,00","10,34",,,,,"24,50","21,77","24,60",,"42,83"
04/12/2024,LS12018,LS12038,"483,94","601,10","68,55","532,55","0,00","48,24","0,37","108,62","21,90",,"98,70","26,60","259,93",,"16,80"
05/12/2024,LS12039,LS12065,"589,83","774,80","125,48","649,32","0,00","58,52","0,97","139,30","31,40",,"152,30","14,23","114,60",,"197,49"
06/12/2024,LS12066,LS12095,"705,83","957,10","180,69","776,41","0,00","70,58",,"178,14",,,"154,20","59,74","131,30",,"253,03"
07/12/2024,LI69,LS12117,"542,46","724,00","127,29","596,71","0,00","54,25",,"19,80","9,90",,"85,22","101,76","226,63",,"153,40"
08/12/2024,LS12118,LS12135,"433,27","539,20","62,19","477,01","0,00","42,95","0,79","90,82","13,90",,"100,80","52,46","124,43",,"94,60"
09/12/2024,LS12136,LS12145,"168,86","204,70","18,65","186,05","0,00","16,58","0,61","18,20","59,92",,,"49,43",,,"58,50"
10/12/2024,LS12146,LS12154,"283,17","493,30","181,81","311,49","0,00","28,32",,,,,,"147,16","30,50",,"133,83"
11/12/2024,LS12155,LS12164,"297,27","397,50","70,51","326,99","0,00","29,72",,"16,56",,,"24,00","107,23","33,50",,"145,70"
12/12/2024,LS12165,LS12186,"477,52","603,30","77,72","525,58","0,00","47,45","0,61","58,60","6,50",,"143,35","53,90","156,70",,"106,53"
13/12/2024,LS12187,LS12230,"1.019,12","1.498,60","377,53","1.121,07","0,60","101,95",,"205,13","6,50",,"97,80","327,55","197,20",,"287,49"
14/12/2024,LI70,LS12264,"1.002,64","1.343,60","240,20","1.103,40","0,00","99,78","0,98","167,44","74,36",,"49,90","266,74","310,63",,"234,33"
15/12/2024,LS12265,LS12289,"620,16","837,50","155,32","682,18","0,00","62,02",,"128,13","31,90",,"73,30","83,73","57,13",,"307,99"
16/12/2024,LS12290,LS12295,"111,21","143,80","21,47","122,33","0,00","11,12",,,"9,90",,,"26,40","44,70",,"41,33"
17/12/2024,LS12296,LS12306,"280,15","406,55","97,02","309,53","0,00","26,78","2,60","15,10",,,"63,50","27,80","77,63",,"125,50"
18/12/2024,LS12307,LS12315,"145,87","211,90","51,43","160,47","0,00","14,60",,"54,80","34,60",,"25,50","29,44",,,"16,13"
19/12/2024,LS12316,LS12339,"543,31","702,00","104,06","597,94","0,00","54,02","0,61","94,22","59,60",,"26,80","13,90","108,03",,"295,39"
20/12/2024,LS12340,LS12369,"801,38","981,19","99,40","881,79","0,00","79,92","0,49","146,90","24,31",,"121,50","109,75","237,49",,"241,84"
21/12/2024,LS12370,LS12399,"677,48","825,80","80,27","745,53","0,00","67,44","0,61","117,60","73,10",,"236,92",,"146,33",,"171,58"
22/12/2024,LS12400,LS12423,"542,58","730,35","132,59","597,76","0,00","53,42","1,76","36,90","88,30",,"52,90","82,36","219,71",,"117,59"
23/12/2024,LS12424,LS12434,"234,52","292,85","33,07","259,78","0,00","21,82","3,44","62,20",,,"50,00","20,90","111,35",,"15,33"
26/12/2024,LS12435,LS12440,"137,08","152,60","1,80","150,80","0,00","13,72",,"64,50","6,50",,"22,50","28,80","28,50",,
27/12/2024,LI71,LS12456,"379,62","527,80","110,23","417,57","0,00","37,95",,,"16,70",,"166,95","109,76","124,16",,
28/12/2024,LS12457,LS12473,"498,65","606,30","57,78","548,52","0,00","49,87",,"120,70","13,90",,"121,60","129,40","34,50",,"128,42"
29/12/2024,LS12474,LS12490,"378,79","491,90","74,45","417,45","0,00","37,20","1,46","120,20",,,"37,40","130,35","65,00",,"64,50"
30/12/2024,LS12491,LS12501,"264,21","335,90","43,15","292,75","0,00","24,46","4,08","66,40","13,32",,"14,90","33,80","59,00",,"105,33"
31/12/2024,LS12502,LS12502,"20,24","30,60","8,34","22,26","0,00","2,02",,,,,,,,,"22,26"
01/01/2025,LS12510,LS12510,"18,07","28,40","8,52","19,88","0,00","1,81",,,,,,,,,"19,88"
02/01/2025,LS12512,LS12528,"388,43","506,80","79,54","427,26","0,00","38,83",,"45,30","66,90",,"70,20","46,80","145,36",,"52,70"
03/01/2025,LS12529,LS12554,"690,99","956,70","196,64","760,06","0,00","69,07",,"123,80","37,80",,"184,60","100,46","132,72",,"180,68"
04/01/2025,LI72,LS12586,"736,10","948,50","138,29","810,21","0,00","73,14","0,97","213,00","78,90",,"110,30","130,50","101,19",,"176,32"
05/01/2025,LS12587,LS12608,"634,38","878,20","180,12","698,08","0,00","63,21","0,49","97,30",,,"143,90","44,56","220,90",,"191,42"
06/01/2025,LS12609,LS12624,"291,93","432,00","110,89","321,11","0,00","29,18",,"55,10",,,"2,80","130,49","95,86",,"36,86"
07/01/2025,LI73,LS12637,"287,89","347,50","29,88","317,62","0,00","27,91","1,82","48,60","52,60",,"49,80","64,80","44,46",,"57,36"
08/01/2025,LS12638,LS12648,"205,73","281,40","54,84","226,56","0,00","20,34","0,49","52,90",,,"91,70","36,30","30,33",,"15,33"
09/01/2025,LS12649,LS12658,"191,60","270,09","59,34","210,75","0,00","19,15",,"59,10",,,"25,50","110,82",,,"15,33"
10/01/2025,LS12659,LS12694,"858,11","1.154,10","209,67","944,43","0,00","85,36","0,96","123,60","78,90",,"175,64","170,92","157,09",,"238,28"
11/01/2025,LS12695,LS12714,"487,57","649,10","112,77","536,33","0,00","48,76",,"159,00",,,"92,25","103,86","148,96",,"32,26"
12/01/2025,LS12715,LS12736,"541,89","736,60","140,52","596,08","0,00","54,19",,"30,20",,,"146,30","158,93","27,33",,"233,32"
13/01/2025,LS12737,LS12743,"230,32","303,40","50,05","253,35","0,00","23,03",,,,,"61,50","19,90","99,76",,"72,19"
14/01/2025,LS12745,LS12748,"0,00","21,70","21,70","0,00","0,00","0,00",,,"0,00",,,,,,
15/01/2025,LS12746,LS12768,"424,53","545,90","78,90","467,00","0,00","42,47",,"82,50","25,40",,"147,14","25,90","106,50",,"79,56"
16/01/2025,LS12769,LS12787,"302,58","453,40","119,68","333,72","0,00","29,41","1,73","40,80","54,70",,"23,50","58,60","64,86",,"91,26"
17/01/2025,LI74,LS12825,"867,75","1.186,39","231,14","955,25","0,00","86,11","1,39","155,47","42,50",,"183,10","79,25","215,19",,"279,74"
18/01/2025,LS12826,LS12857,"686,21","851,20","96,38","754,82","0,00","68,61",,"215,30","59,40",,"171,70","90,80","89,59",,"128,03"
19/01/2025,LS12858,LS12887,"696,71","877,80","111,17","766,63","0,00","69,43","0,49","52,40","95,30",,"98,60","94,59","241,92",,"183,82"
20/01/2025,LS12888,LS12896,"150,95","187,40","20,90","166,50","0,00","14,68","0,87","27,70","16,60",,,,"28,50",,"93,70"
21/01/2025,LS12897,LS12901,"69,75","83,30","6,57","76,73","0,00","6,98",,"14,60","7,80",,,,"54,33",,
22/01/2025,LS12902,LS12915,"296,02","401,30","75,68","325,62","0,00","29,60",,"9,90","15,40",,"52,50","44,63","116,09",,"87,10"
23/01/2025,LS12916,LS12931,"303,01","419,10","85,80","333,30","0,00","30,29",,"70,20","28,50",,"50,40","48,80",,,"135,40"
24/01/2025,LS12932,LS12964,"674,84","876,80","133,99","742,81","0,00","67,00","0,97","156,65","83,88",,"109,50","147,72","119,58",,"125,48"
25/01/2025,LS12965,LS12993,"696,65","905,10","138,81","766,29","0,00","69,64",,"73,50","9,90",,"277,95","131,32","154,29",,"119,33"
26/01/2025,LS12994,LS13005,"281,25","338,40","28,58","309,82","0,00","27,77","0,80","19,80","35,20",,"52,30","96,16",,,"106,36"
27/01/2025,LS13006,LS13010,"76,18","100,10","14,84","85,26","0,00","6,29","2,79","44,80",,,,"23,33","17,13",,
28/01/2025,LS13011,LS13020,"167,99","211,50","26,72","184,78","0,00","16,79",,"56,10","14,60",,"24,05","13,90","61,50",,"14,63"
29/01/2025,LS13021,LS13039,"392,22","538,50","106,19","432,31","0,00","38,40","1,69","6,40","8,40",,"62,45",,"198,55",,"156,51"
30/01/2025,LS13040,LS13053,"343,08","411,10","32,21","378,89","0,00","32,95","2,86","56,00","7,90",,"124,00",,"62,23",,"128,76"
31/01/2025,LS13054,LS13082,"645,73","777,70","67,42","710,28","0,00","64,55",,"160,60","58,60",,"168,20",,"266,05",,"56,83"
01/02/2025,LS13083,LS13099,"524,10","646,90","70,39","576,51","0,00","52,41",,"167,20","19,40",,"74,90",,"71,46",,"243,55"
02/02/2025,LS13100,LS13116,"449,64","557,90","63,28","494,62","0,00","44,98",,"112,20","76,50",,"53,10","20,00","94,63",,"138,19"
03/02/2025,LI75,LS13127,"208,76","268,90","38,94","229,96","0,00","20,59","0,61","90,50","29,10",,,,"31,50",,"78,86"
04/02/2025,LS13128,LS13129,"46,72","51,40","0,00","51,40","0,00","4,68",,,,,"16,90",,"34,50",,
05/02/2025,LS13130,LS13140,"131,24","157,20","12,84","144,36","0,00","13,12",,"47,40","15,40",,,,"65,43",,"16,13"
06/02/2025,LS13141,LS13160,"425,82","516,70","46,69","470,01","0,00","41,13","3,06","130,20","105,40",,"59,72","37,80",,,"136,89"
07/02/2025,LI81,LS13194,"871,97","1.132,00","172,33","959,67","0,00","86,73","0,97","118,60","34,50",,"219,00","91,00","147,89",,"348,68"
08/02/2025,LS13195,LS13216,"610,62","871,80","199,41","672,39","0,00","60,42","1,35","71,20","33,50",,"233,95","189,02","28,50",,"116,22"
09/02/2025,LS13217,LS13228,"259,73","352,60","66,88","285,72","0,00","25,99",,"86,50","9,90",,"27,80","72,40","17,13",,"71,99"
10/02/2025,LI76,LS13241,"304,62","367,00","31,65","335,35","0,20","30,21","0,52","134,40",,,,"46,80","79,00",,"75,35"
11/02/2025,LS13242,LS13252,"103,80","205,80","91,60","114,20","0,00","10,40",,"29,00","8,80",,"76,40",,,,
12/02/2025,LI77,LS13265,"318,66","372,00","21,47","350,53","0,00","31,87",,"17,00","20,90",,"88,00",,"105,63",,"119,00"
13/02/2025,LS13266,LS13276,"233,83","290,20","32,98","257,22","0,00","23,39",,"42,50","33,70",,"51,50","39,00",,,"90,52"
14/02/2025,LI78,LS13319,"1.073,93","1.355,45","172,98","1.182,47","0,00","106,34","2,20","376,90","102,40",,"161,52","29,55","116,63",,"395,47"
15/02/2025,LS13320,LS13342,"630,20","782,80","89,57","693,23","0,00","63,03",,"148,00","16,90",,"86,97","83,92","151,11",,"206,33"
16/02/2025,LI79,LS13356,"343,70","396,30","18,00","378,30","0,00","34,15","0,45","42,20","62,90",,"82,70","61,60","128,90",,
17/02/2025,LS13357,LS13367,"333,65","434,00","66,99","367,01","0,00","33,36",,"105,70","10,20",,,"50,90","29,63",,"170,58"
18/02/2025,LS13368,LS13368,"39,55","43,50","0,00","43,50","0,00","3,95",,,,,,,,,"43,50"
19/02/2025,LI80,LS13378,"191,47","263,40","52,46","210,94","0,00","18,86","0,61","74,90","9,90",,"19,55","27,80",,,"78,79"
20/02/2025,LS13379,LS13390,"227,86","272,19","20,91","251,28","0,00","22,20","1,22","66,80","26,40",,"26,50","44,49","29,63",,"57,46"
21/02/2025,LS13391,LS13419,"647,65","783,30","70,39","712,91","0,00","64,29","0,97","157,00","73,20",,"194,12","83,27","70,00",,"135,32"
22/02/2025,LS13420,LS13434,"278,14","321,90","15,94","305,96","1,60","27,82",,"108,10","40,05",,"35,00","32,00","32,25",,"60,16"
23/02/2025,LS13435,LS13455,"441,01","541,50","55,36","486,14","0,00","43,17","1,96","70,70","76,90",,"67,00","125,68","117,86",,"28,00"
24/02/2025,LS13456,LS13463,"180,89","216,00","17,02","198,98","0,00","18,09",,"35,50","26,80",,,"47,72",,,"88,96"
25/02/2025,LS13464,LS13471,"107,50","142,20","23,63","118,57","0,00","10,46","0,61","34,10","1,80",,"24,60","10,14","19,93",,"28,00"
26/02/2025,LS13472,LS13482,"215,79","286,50","49,14","237,36","0,00","21,57",,"57,20","28,30",,"46,10",,"26,63",,"79,13"
27/02/2025,LS13483,LS13497,"445,75","539,60","48,65","490,95","3,30","43,99","1,21","164,20","69,90",,"25,50","56,10","102,03",,"76,52"
28/02/2025,LI82,LS13532,"810,21","985,70","94,25","891,45","0,00","80,75","0,49","239,60","81,40",,"128,50","154,43","104,43",,"183,09"
01/03/2025,LS13533,LS13561,"746,74","1.061,00","238,55","822,45","0,00","73,77","1,94","82,70",,,"122,00","203,51","82,29",,"331,95"
02/03/2025,LS13562,LS13589,"669,96","887,60","150,65","736,95","1,10","66,99",,"98,20","66,60",,"116,00","88,63","54,63",,"313,99"
03/03/2025,LS13590,LS13597,"176,71","247,90","53,53","194,37","0,00","17,66",,"11,90",,,"20,70","20,28","111,09",,"30,40"
04/03/2025,LS13598,LS13606,"215,41","270,50","33,54","236,96","0,00","21,55",,"47,60","11,40",,,"24,97","55,13",,"97,86"
05/03/2025,LS13607,LS13621,"385,31","475,50","51,65","423,85","0,00","38,54",,"81,40",,,"47,55","83,88","90,13",,"120,89"
06/03/2025,LS13623,LS13631,"222,98","285,60","40,01","245,59","0,00","22,00","0,61","59,90",,,,"51,63","33,13",,"100,93"
07/03/2025,LS13632,LS13656,"649,06","775,20","61,24","713,96","0,00","64,90",,"76,80",,,"135,25","147,42","229,53",,"124,96"
08/03/2025,LS13657,LS13678,"520,44","692,10","119,06","573,04","0,00","51,51","1,09","177,80","65,90",,"94,52","103,00",,,"131,82"
09/03/2025,LS13679,LS13692,"298,67","391,79","63,25","328,54","0,00","29,87",,,"9,90",,"84,80","122,94","60,00",,"50,90"
10/03/2025,LS13693,LS13702,"233,50","306,20","48,93","257,27","0,00","22,97","0,80","2,80",,,"135,20","71,21",,,"48,06"
11/03/2025,LS13703,LS13710,"139,44","168,20","14,49","153,71","0,82","13,66","0,61","77,10","9,90",,"23,50",,,,"44,03"
12/03/2025,LS13711,LS13725,"397,43","514,60","77,44","437,16","0,00","39,73",,"118,80","55,00",,"35,50","39,58","115,98",,"72,30"
13/03/2025,LS13726,LS13733,"212,12","265,00","31,67","233,33","0,00","21,21",,"24,40","28,00",,,"44,97","105,66",,"30,30"
14/03/2025,LS13734,LS13756,"672,47","823,40","83,04","740,36","0,00","66,68","1,21","151,40","27,00",,"147,40","68,94","157,10",,"188,52"
15/03/2025,LS13757,LS13783,"654,47","834,20","114,30","719,90","0,00","65,43",,"111,30","171,95",,"163,60","79,95","87,60",,"105,50"
16/03/2025,LS13784,LS13798,"347,13","433,10","51,27","381,83","0,00","34,70",,"14,90",,,"93,30","43,84","112,00",,"117,79"
17/03/2025,LS13799,LS13805,"157,30","181,40","8,36","173,04","0,00","15,74",,,"42,60",,,"69,94","30,50",,"30,00"
18/03/2025,LS13806,LS13810,"52,94","63,30","5,07","58,23","0,00","5,29",,"16,10","1,80",,,"11,83","28,50",,
19/03/2025,LS13811,LS13830,"469,61","597,50","80,66","516,84","0,00","46,74","0,49","154,40","54,60",,"85,90","27,04","39,00",,"155,90"
20/03/2025,LS13831,LS13839,"196,41","258,80","41,30","217,50","0,00","18,31","2,78","35,00","43,30",,,"66,97",,,"72,23"
21/03/2025,LS13840,LS13859,"552,83","708,50","100,38","608,12","9,20","55,29",,"158,20","9,90",,"141,50","84,96","197,08",,"25,68"
22/03/2025,LS13860,LS13876,"419,89","549,30","87,15","462,15","0,00","41,77","0,49","124,70","31,70",,"70,80","11,83","37,50",,"185,62"
23/03/2025,LS13877,LS13895,"487,77","732,40","195,58","536,82","0,00","48,53","0,52","95,10",,,"63,30","106,50","28,50",,"243,42"
24/03/2025,LS13896,LS13905,"278,49","359,10","52,44","306,66","0,00","27,56","0,61","39,40",,,"14,90","33,60","78,00",,"140,76"
25/03/2025,LS13906,LS13911,"117,93","167,10","37,38","129,72","0,00","11,79",,,"18,90",,,"64,85","26,63",,"19,34"
26/03/2025,LS13912,LS13922,"324,55","452,60","95,60","357,00","0,00","32,45",,"98,40","32,80",,"52,65","13,14","70,43",,"89,58"
27/03/2025,LS13923,LS13934,"246,99","323,30","51,60","271,70","0,00","24,71",,"148,50","11,40",,,"52,01","59,79",,
28/03/2025,LI83,LS13962,"581,75","708,40","68,20","640,20","0,00","57,91","0,54","325,00","63,60",,"61,40","43,84","132,62",,"13,74"
29/03/2025,LS13963,LS13987,"547,34","759,60","157,55","602,05","0,00","54,71",,"62,10",,,"224,00","58,13","92,50",,"165,32"
30/03/2025,LS13988,LS14006,"421,37","586,00","122,52","463,48","0,00","42,11",,"21,80","44,70",,"72,65","34,18","78,13",,"212,02"
31/03/2025,LS14007,LS14021,"284,66","394,09","78,31","315,78","0,00","26,07","5,05","66,40","70,80",,,"25,73","38,00",,"114,85"
01/04/2025,LS14022,LS14025,"82,34","105,20","14,63","90,57","0,00","8,23",,"39,40",,,,,"29,13",,"22,04"
02/04/2025,LS14026,LS14037,"329,05","411,30","48,84","362,46","0,00","32,44","0,97","247,90","2,50",,"60,10","51,96",,,
03/04/2025,LS14038,LS14048,"220,13","264,30","21,97","242,33","0,00","21,83","0,37","100,40",,,"59,00","29,80","53,13",,
04/04/2025,LS14049,LS14076,"675,87","918,20","174,78","743,42","0,00","67,55",,"70,80","75,15",,"176,90","175,58","86,75",,"158,24"
05/04/2025,LS14077,LS14101,"550,06","678,70","73,13","605,57","3,10","54,54","0,97","226,30","16,50",,"90,70","137,63","28,50",,"109,04"
06/04/2025,LI84,LS14118,"444,74","542,70","53,51","489,19","0,00","44,45",,"41,40","54,15",,"46,90","146,71","140,15",,"59,88"
07/04/2025,LS14119,LS14124,"103,13","128,50","15,06","113,44","0,00","10,31",,"32,70","37,90",,,,,,"42,84"
08/04/2025,LS14125,LS14135,"386,24","501,90","76,72","425,18","0,00","38,33","0,61","50,20",,,"68,80","42,00","101,70",,"162,48"
09/04/2025,LS14136,LS14150,"365,27","452,60","50,54","402,06","0,00","36,30","0,49","199,50","25,80",,"78,30","7,80","37,50",,"53,16"
10/04/2025,LS14151,LS14170,"479,97","610,10","80,62","529,48","0,00","46,59","2,92","164,40","18,60",,"79,50","30,04","65,00",,"171,94"
11/04/2025,LS14171,LS14197,"681,01","963,39","211,75","751,64","0,00","65,77","4,86","90,90","117,40",,"88,20","117,84","107,50",,"229,80"
12/04/2025,LS14198,LS14206,"190,20","235,10","25,88","209,22","0,00","19,02",,"23,80","59,10",,,"84,78",,,"41,54"
13/04/2025,LS14207,LS14231,"678,23","827,00","80,94","746,06","2,40","67,83",,"306,20","141,40",,"129,00","78,26","28,50",,"65,10"
14/04/2025,LS14232,LS14240,"221,43","269,30","25,72","243,58","0,00","22,15",,"69,90",,,,"11,60","109,00",,"53,08"
15/04/2025,LS14241,LS14251,"223,89","292,90","46,62","246,28","0,00","22,39",,"42,00","23,80",,"102,30","26,28","51,90",,
16/04/2025,LS14252,LS14278,"500,89","695,00","144,05","550,95","0,00","50,06",,"105,80","80,50",,"146,20","94,75","30,50",,"93,20"
17/04/2025,LI85,LS14296,"337,42","402,30","30,64","371,66","0,00","33,27","0,97","93,18","54,60",,"84,30","27,18","86,40",,"26,00"
18/04/2025,LS14297,LS14312,"342,92","444,50","67,30","377,20","0,00","34,28",,"69,70","78,80",,"127,50","40,34",,,"60,86"
19/04/2025,LS14313,LS14327,"416,01","512,20","54,58","457,62","0,00","41,61",,"167,70",,,"57,50","153,20","40,10",,"39,12"
20/04/2025,LI86,LS14346,"413,96","550,20","94,86","455,34","0,00","41,38",,"84,52","68,80",,"92,30","104,32",,,"105,40"
21/04/2025,LS14347,LS14358,"228,81","320,49","68,79","251,70","0,00","22,89",,"11,40","19,80",,"27,50","101,10",,,"91,90"
22/04/2025,LS14359,LS14366,"160,24","211,30","35,04","176,26","0,00","16,02",,"77,50","43,40",,,,,,"55,36"
23/04/2025,LS14367,LS14380,"288,63","389,80","70,54","319,26","0,00","27,25","3,38","52,70","34,00",,"97,60","53,68","35,16",,"46,12"
24/04/2025,LS14381,LS14397,"352,78","426,30","37,73","388,57","0,00","34,81","0,98","152,80","57,60",,"23,50","30,57","111,56",,"12,54"
25/04/2025,LS14398,LS14426,"664,61","826,30","95,24","731,06","0,00","66,45",,"389,80","55,30",,"104,50","58,04","68,36",,"55,06"
26/04/2025,LS14427,LS14450,"537,77","653,65","61,18","592,47","0,50","52,93","1,77","226,80","61,50",,"103,00","44,90","75,11",,"81,66"
27/04/2025,LS14451,LS14463,"279,87","366,80","58,63","308,17","0,00","27,69","0,61","85,90",,,"123,70","33,80","18,53",,"46,24"
28/04/2025,LS14464,LS14464,"11,82","13,00","0,00","13,00","0,00","1,18",,"13,00",,,,,,,
29/04/2025,LS14465,LS14476,"260,08","305,30","19,21","286,09","0,00","26,01",,"54,30","23,60",,"48,85","45,20","96,40",,"17,74"
30/04/2025,LI87,LS14502,"585,36","733,24","89,35","643,89","0,00","58,53",,"161,00","59,60",,"39,90","156,89","95,50",,"131,00"
01/05/2025,LS14503,LS14533,"666,56","866,50","133,03","733,47","0,00","66,42","0,49","180,20","104,60",,"168,55","30,20",,,"249,92"
02/05/2025,LS14534,LS14558,"562,06","773,50","154,62","618,88","0,00","55,64","1,18","163,50","56,20",,"126,20","102,80","44,80",,"125,38"
03/05/2025,LS14559,LS14577,"474,54","564,19","41,69","522,50","0,00","46,99","0,97","311,20",,,,"119,04",,,"92,26"
04/05/2025,LS14578,LS14599,"533,39","721,30","134,56","586,74","3,10","53,35",,"140,30","49,60",,"100,00","97,60","103,46",,"98,88"
06/05/2025,LS14600,LS14608,"140,76","166,80","11,96","154,84","0,00","14,08",,"77,20","26,80",,,"50,84",,,
07/05/2025,LS14609,LS14611,"66,17","90,40","17,62","72,78","0,00","6,61",,,"44,60",,,,,,"28,18"
08/05/2025,LS14612,LS14628,"341,33","410,50","34,74","375,76","0,00","33,82","0,61","135,42","15,50",,"25,50","68,97","78,63",,"51,74"
09/05/2025,LI88,LS14643,"363,90","477,89","77,59","400,30","0,00","36,40",,"76,70",,,"62,90","85,18","175,52",,
10/05/2025,LS14644,LS14674,"743,56","947,20","128,28","818,92","0,00","73,46","1,90","275,00","48,20",,"133,30","87,04","100,66",,"174,72"
11/05/2025,LS14675,LS14703,"623,63","792,69","106,67","686,02","0,00","62,39",,"272,30","117,60",,"66,80","154,80","28,50",,"46,02"
13/05/2025,LS14704,LS14705,"36,03","46,20","6,57","39,63","0,00","3,60",,"21,80",,,,,"17,83",,
14/05/2025,LS14706,LS14728,"662,83","872,40","143,26","729,14","0,00","66,31",,"207,70","31,90",,"181,50","28,10","124,50",,"155,44"
15/05/2025,LI89,LS14750,"506,43","621,50","64,43","557,07","0,00","50,64",,"180,22","70,90",,"43,30","10,60","150,39",,"101,66"
16/05/2025,LS14752,LS14772,"465,06","583,40","71,83","511,57","0,00","46,51",,"187,00","68,40",,"75,00","12,90","49,83",,"118,44"
17/05/2025,LS14773,LS14798,"736,66","909,50","98,98","810,52","0,00","73,53","0,33","208,40","96,80",,"72,80","101,80","178,58",,"152,14"
18/05/2025,LS14799,LS14825,"653,08","806,70","88,33","718,37","0,50","65,29",,"200,10","71,90",,"169,10","42,90","121,83",,"113,04"
20/05/2025,LS14826,LS14840,"382,48","457,24","35,24","422,00","0,00","37,09","2,43","138,40","136,60",,,"46,64","28,50",,"71,86"
21/05/2025,LS14841,LS14853,"291,26","357,60","36,09","321,51","0,00","28,10","2,15","106,70","82,00",,"27,50","12,90","57,23",,"35,18"
22/05/2025,LS14854,LS14872,"394,81","463,40","29,12","434,28","0,00","39,47",,"165,20","76,50",,"43,60","50,70","33,50",,"64,78"
23/05/2025,LS14873,LS14912,"1.005,83","1.191,19","84,52","1.106,67","0,00","100,35","0,49","462,50","182,90",,"142,20","77,99","136,50",,"104,58"
24/05/2025,LS14913,LS14954,"1.175,03","1.364,20","70,84","1.293,36","2,60","116,75","1,58","704,40","264,02",,"159,22","87,90",,,"80,42"
25/05/2025,LS14955,LS14979,"595,65","750,00","94,78","655,22","0,00","59,57",,"206,90","72,80",,"108,20","38,90","88,50",,"139,92"
27/05/2025,LS14980,LS14991,"218,21","278,20","38,18","240,02","0,00","21,81",,"134,10","8,20",,"22,50",,,,"75,22"
28/05/2025,LS14992,LS15012,"450,01","544,30","48,78","495,52","0,00","44,54","0,97","184,60","109,30",,"53,30",,"109,50",,"38,82"
29/05/2025,LS15013,LS15037,"513,14","607,10","42,13","564,97","2,70","50,85","0,98","277,30","104,70",,,"46,70","113,89",,"25,08"
30/05/2025,LS15038,LS15072,"933,46","1.138,00","110,56","1.027,44","1,20","92,77","1,21","478,30","155,00",,"94,00","30,00","174,08",,"97,26"
31/05/2025,LS15073,LS15111,"1.209,84","1.372,40","41,62","1.330,78","0,00","120,94",,"713,10","174,10",,"159,00","189,30","69,00",,"26,28"
01/06/2025,LS15112,LS15136,"553,79","704,10","94,70","609,40","1,00","55,12","0,49","216,80","45,20",,"48,90","37,00","100,00",,"162,50"
03/06/2025,LS15137,LS15147,"269,51","322,60","25,88","296,72","1,00","26,72","0,49","206,50","15,40",,,,,,"75,82"
04/06/2025,LS15148,LS15169,"501,36","633,30","80,60","552,70","0,00","49,08","2,26","168,70",,,"101,90","40,00","155,76",,"86,34"
05/06/2025,LS15170,LS15187,"410,08","516,10","65,02","451,08","10,00","41,00",,"233,00","27,20",,"24,50","37,80","39,50",,"99,08"
06/06/2025,LI90,LS15214,"775,93","910,70","56,94","853,76","3,70","77,37","0,46","502,30","31,90",,"24,90","134,50","108,50",,"55,36"
07/06/2025,LI92,LS15245,"890,93","1.096,40","116,12","980,28","0,00","88,86","0,49","431,60","79,10",,"32,50","125,90","160,76",,"150,42"
08/06/2025,LS15246,LS15277,"783,63","1.024,80","161,67","863,13","0,00","77,32","2,18","154,72","126,00",,"75,00","50,90","120,09",,"336,42"
10/06/2025,LS15278,LS15298,"380,53","505,30","86,73","418,57","0,00","38,04",,"186,90","89,50",,"57,70",,"19,33",,"65,14"
11/06/2025,LS15299,LS15313,"376,97","469,80","54,64","415,16","0,00","37,22","0,97","209,00",,,"38,32","34,00","38,00",,"95,84"
12/06/2025,LS15314,LS15341,"639,87","782,50","78,67","703,83","0,00","63,96",,"167,90","301,60",,"93,25","12,90",,,"128,18"
13/06/2025,LS15342,LS15373,"780,71","998,60","139,09","859,51","0,00","77,36","1,44","344,40","106,50",,"79,87","44,40","87,86",,"196,48"
14/06/2025,LS15374,LS15413,"1.003,81","1.229,10","124,17","1.104,93","0,00","99,66","1,46","545,10","197,20",,"115,57","78,80","101,96",,"66,30"
15/06/2025,LS15414,LS15441,"588,37","777,40","130,20","647,20","2,40","58,83",,"243,10","58,90",,,"32,00",,,"315,60"
17/06/2025,LS15442,LS15462,"413,35","506,00","51,36","454,64","2,20","41,29",,"274,20","51,60",,,,,,"131,04"
18/06/2025,LI93,LS15483,"473,32","623,20","102,24","520,96","0,00","47,03","0,61","95,70","9,00",,"37,00","42,30","139,56",,"197,40"
19/06/2025,LS15484,LS15518,"689,09","861,50","103,24","758,26","0,00","68,68","0,49","339,60","119,20",,"54,30","60,60","51,36",,"133,20"
20/06/2025,LS15519,LS15553,"1.004,27","1.279,29","174,07","1.105,22","0,00","99,98","0,97","467,40","39,70",,"97,80","21,99","191,35",,"286,98"
21/06/2025,LS15554,LS15582,"600,57","750,00","88,88","661,12","0,00","59,58","0,97","316,30","131,80",,"34,50","42,50","30,50",,"105,52"
22/06/2025,LS15583,LS15607,"586,36","822,90","177,91","644,99","1,00","58,63",,"113,70","57,80",,"100,70","58,70","26,53",,"288,56"
24/06/2025,LS15608,LS15629,"483,60","645,50","113,56","531,94","0,00","48,34",,"206,90","68,40",,"32,50",,,,"224,14"
25/06/2025,LS15630,LS15653,"574,47","700,60","68,09","632,51","0,00","56,94","1,10","335,00","121,50",,"59,10",,"27,33",,"89,58"
26/06/2025,LS15654,LS15677,"492,68","622,70","80,75","541,95","1,90","49,27",,"242,40","19,30",,"30,50","40,20","28,13",,"183,32"
27/06/2025,LS15678,LS15708,"900,19","1.210,70","220,55","990,15","0,00","89,96",,"236,15","138,05",,"81,90","10,60","87,03",,"436,42"
28/06/2025,LS15709,LS15745,"821,33","1.076,70","173,01","903,69","5,80","81,87","0,49","334,50","89,20",,"40,00","49,90","179,81",,"216,08"
29/06/2025,LS15746,LS15777,"719,29","1.015,60","224,06","791,54","0,00","71,56","0,69","289,90","34,80",,"71,30","21,80","64,50",,"309,24"
01/07/2025,LS15778,LS15815,"479,45","665,90","138,50","527,40","0,00","47,95",,"249,40","32,70",,"51,70","30,00","31,00",,"132,60"
02/07/2025,LS15801,LS15814,"295,18","399,90","74,96","324,94","0,00","29,29","0,47","192,72","8,40",,,"12,90",,,"110,92"
03/07/2025,LS15816,LS15838,"589,61","694,80","46,20","648,60","0,00","58,99",,"372,30","61,10",,"45,30",,"69,50",,"100,40"
04/07/2025,LS15839,LS15868,"855,53","962,40","21,34","941,06","0,00","85,53",,"464,50","145,70",,"71,00","85,70","105,16",,"69,00"
05/07/2025,LS15869,LS15890,"617,84","710,60","30,99","679,61","0,00","61,77",,"410,20","62,80",,"25,80","37,00","90,13",,"53,68"
06/07/2025,LS15891,LS15921,"794,26","1.049,49","175,82","873,67","2,40","79,41",,"373,19","46,90",,"178,10","41,99","27,33",,"208,56"
08/07/2025,LS15922,LS15932,"295,19","379,00","54,30","324,70","0,00","29,51",,"181,20","78,40",,,,,,"65,10"
09/07/2025,LS15933,LS15946,"324,89","398,40","41,02","357,38","0,00","32,49",,"122,80","19,60",,"24,80","79,90","68,76",,"41,52"
10/07/2025,LS15947,LS15962,"391,93","472,80","41,68","431,12","1,10","39,19",,"179,30",,,"125,30","33,40","37,50",,"56,72"
11/07/2025,LS15963,LS15986,"670,56","807,50","69,90","737,60","1,80","67,04",,"311,30","150,50",,"163,60","16,90",,,"97,10"
12/07/2025,LS15987,LS16010,"565,69","635,20","12,96","622,24","0,00","56,55",,"360,00","72,00",,"27,80","52,90","60,00",,"49,54"
13/07/2025,LS16011,LS16034,"516,39","623,20","54,90","568,30","3,50","51,42","0,49","318,00","41,00",,"86,30","50,00",,,"76,50"
15/07/2025,LS16035,LS16054,"505,51","677,30","121,26","556,04","0,00","50,53",,"195,10","168,00",,"75,40",,"37,50",,"80,04"
16/07/2025,LS16055,LS16071,"422,41","523,70","59,06","464,64","1,80","42,23",,"269,60","24,80",,"15,90",,"116,12",,"40,02"
17/07/2025,LS16072,LS16090,"560,46","666,40","49,90","616,50","0,00","56,04",,"391,50","31,30",,"50,40",,"44,00",,"99,30"
18/07/2025,LI94,LS16118,"790,79","943,60","73,77","869,83","0,00","79,04",,"498,50","5,00",,"24,80","81,40","137,79",,"122,34"
19/07/2025,LS16119,LS16148,"806,16","996,90","108,75","888,15","0,00","79,37","2,62","433,40","83,10",,"80,30",,"152,39",,"138,96"
20/07/2025,LS16149,LS16180,"679,41","785,30","37,95","747,35","0,00","67,94",,"302,90","135,40",,"120,20",,"114,63",,"74,22"
22/07/2025,LS16181,LS16202,"526,50","667,00","86,85","580,15","0,00","51,71","1,94","372,10","69,70",,"10,90",,"17,13",,"110,32"
23/07/2025,LS16203,LS16220,"483,52","643,49","111,61","531,88","3,80","48,36",,"255,40","56,00",,"27,15","51,99",,,"145,14"
24/07/2025,LS16221,LS16241,"495,16","578,50","33,84","544,66","0,00","49,50",,"283,50","84,00",,,"54,90","71,50",,"50,76"
25/07/2025,LS16242,LS16260,"423,86","474,60","8,36","466,24","0,00","42,38",,"202,30","122,30",,"30,30",,"64,80",,"46,54"
26/07/2025,LS16261,LS16274,"460,01","511,60","5,60","506,00","0,00","45,99",,"296,30","19,80",,"72,00","50,90","67,00",,
27/07/2025,LS16275,LS16301,"731,46","930,20","125,24","804,96","0,00","72,81","0,69","328,80","34,80",,"128,45","67,23","34,00",,"211,68"
29/07/2025,LS16302,LS16316,"299,00","455,30","126,15","329,15","0,00","29,66","0,49","122,10","32,60",,"38,15",,"70,60",,"65,70"
30/07/2025,LS16317,LS16348,"685,26","825,10","71,31","753,79","4,50","68,53",,"363,70","56,60",,"25,80",,"224,63",,"87,56"
31/07/2025,LS16376,LS16376,"0,00","12,90","12,90","0,00","0,00","0,00",,,,,,,,,
01/08/2025,LS16351,LS16377,"800,66","911,10","29,75","881,35","0,00","79,48","1,21","626,62","28,70",,"177,50",,"48,53",,
02/08/2025,LS16378,LS16403,"616,51","742,00","63,84","678,16","5,40","61,65",,"334,90","30,60",,"67,00","80,38","143,50",,"27,18"
03/08/2025,LI95,LS16439,"795,53","994,00","118,93","875,07","0,00","79,54",,"372,10","35,60",,"59,40","142,68","118,95",,"146,34"
05/08/2025,LS16440,LS16454,"355,94","434,70","42,94","391,76","0,90","35,35","0,47","293,80","5,00",,"32,50",,,,"61,36"
06/08/2025,LI101,LS16474,"550,22","652,20","46,48","605,72","4,50","47,58","0,97","308,60","91,40",,"95,00","38,00","39,00",,"38,22"
07/08/2025,LS16475,LS16497,"520,53","648,30","75,45","572,85","0,00","51,83","0,49","248,50","143,70",,,"38,82","49,33",,"92,50"
08/08/2025,LI97,LS16532,"921,65","1.115,75","101,66","1.014,09","1,50","91,95","0,49","466,10","62,50",,"99,05","52,29","155,63",,"180,02"
09/08/2025,LS16533,LS16548,"429,81","499,60","26,81","472,79","0,00","42,98",,"221,60","72,20",,"33,70","12,90","132,39",,
10/08/2025,LS16549,LS16568,"473,11","630,79","110,13","520,66","0,00","47,06","0,49","210,60","91,50",,,"21,99","64,03",,"132,54"
12/08/2025,LS16569,LS16591,"441,43","593,40","107,52","485,88","0,00","43,84","0,61","249,90","23,60",,,"38,78","112,16",,"61,44"
13/08/2025,LS16592,LS16607,"351,49","473,90","86,90","387,00","0,00","34,85","0,66","135,90","32,60",,"50,00","13,14","70,36",,"85,00"
14/08/2025,LS16608,LS16630,"682,56","815,50","64,69","750,81","2,70","68,25",,"452,30","172,00",,,"33,80","52,39",,"43,02"
15/08/2025,LS16631,LS16659,"740,38","881,20","66,80","814,40","4,60","74,02",,"469,60","47,60",,"22,90","70,73","121,63",,"86,54"
16/08/2025,LS16660,LS16674,"389,65","492,60","63,72","428,88","0,30","38,74","0,49","143,44","23,86",,"60,50","22,00","64,50",,"114,88"
17/08/2025,LS16675,LS16689,"425,96","516,70","48,14","468,56","0,30","42,60",,"235,90","103,90",,"50,50","26,28",,,"52,28"
19/08/2025,LS16690,LS16714,"568,15","771,90","146,68","625,22","0,00","56,58","0,49","177,60","146,60",,"47,40","88,50","67,00",,"98,12"
20/08/2025,LI98,LS16728,"434,05","492,50","15,03","477,47","0,00","43,42",,"254,00","77,20",,,"48,13","75,50",,"22,64"
21/08/2025,LS16729,LS16747,"382,72","482,60","61,63","420,97","0,00","38,25",,"269,10","5,60",,"37,40","38,58","17,13",,"53,16"
22/08/2025,LS16748,LS16767,"713,63","839,30","54,29","785,01","5,00","71,38",,"512,50","122,20",,,"25,68","115,59",,"14,04"
23/08/2025,LS16768,LS16793,"686,82","835,40","79,92","755,48","0,00","68,66",,"415,30","58,30",,"193,60",,"35,66",,"52,62"
24/08/2025,LS16794,LS16812,"483,31","649,40","117,21","532,19","0,00","47,79","1,09","113,50","19,40",,"79,00","25,68","221,75",,"72,86"
26/08/2025,LS16813,LS16830,"439,27","594,60","111,43","483,17","0,00","43,90",,"226,10","55,70",,"31,80","25,68","50,13",,"93,76"
27/08/2025,LS16831,LS16847,"527,53","649,90","69,28","580,62","0,00","52,48","0,61","281,35",,,"167,00","24,13","41,00",,"67,14"
28/08/2025,LS16848,LS16866,"554,68","646,80","36,38","610,42","3,70","55,25","0,49","452,10","9,90",,"50,10","102,02",,,
29/08/2025,LS16867,LS16902,"1.015,17","1.324,60","206,63","1.117,97","0,00","100,33","2,47","490,90","98,30",,"161,90",,"64,39",,"302,48"
30/08/2025,LS16903,LS16930,"783,57","943,90","81,73","862,17","0,00","78,11","0,49","499,80","2,80",,"42,40","14,63","212,36",,"90,18"
31/08/2025,LS16931,LS16955,"582,58","773,90","133,09","640,81","0,00","58,23",,"128,80","69,90",,"83,10","62,84","133,23",,"162,94"
02/09/2025,LS16956,LS16979,"422,95","490,70","25,46","465,24","0,00","42,29",,"320,30","72,80",,"25,50",,"33,50",,"13,14"
03/09/2025,LS16980,LS16997,"534,13","656,30","68,46","587,84","0,00","53,10","0,61","371,50","65,70",,"53,30",,,,"97,34"
04/09/2025,LS16998,LS17015,"399,78","495,20","55,46","439,74","0,00","39,96",,"224,50","39,20",,"59,72",,"34,50",,"81,82"
05/09/2025,LS17016,LS17050,"912,07","1.139,10","134,56","1.004,54","0,00","90,05","2,42","381,40","197,40",,"98,60",,"126,26",,"200,88"
06/09/2025,LS17051,LS17080,"840,77","1.029,80","104,97","924,83","0,00","84,06",,"222,80","214,30",,"43,40","87,90","225,63",,"130,80"
07/09/2025,LS17081,LS17112,"774,26","947,50","95,47","852,03","2,10","77,08","0,69","360,70","51,30",,"142,70","16,90","159,59",,"122,94"
09/09/2025,LS17113,LS17134,"348,65","451,80","68,01","383,79","0,00","34,59","0,55","148,30","68,50",,"22,90","24,40","19,33",,"100,36"
10/09/2025,LS17135,LS17147,"258,98","346,70","61,58","285,12","0,00","25,65","0,49","113,80","35,00",,,,"68,00",,"68,32"
11/09/2025,LS17148,LS17175,"559,21","708,10","92,98","615,12","1,80","55,91",,"203,00","96,10","51,80","58,30",,"105,00",,"102,72"
12/09/2025,LS17176,LS17206,"834,43","1.005,90","88,06","917,84","0,00","83,41",,"549,20","46,80","19,80","108,40","25,00","91,46",,"77,18"
13/09/2025,LS17207,LS17236,"1.003,69","1.202,80","98,74","1.104,06","1,00","100,37",,"604,70","186,00","28,30",,"68,60","33,16",,"184,30"
14/09/2025,LS17237,LS17265,"555,67","776,10","164,89","611,21","0,00","55,54",,"89,60","101,40","27,30","47,50",,"84,33",,"261,08"
16/09/2025,LS17266,LS17282,"310,48","386,20","44,67","341,53","0,00","31,05",,"127,40","62,90",,,,"90,83",,"60,40"
17/09/2025,LS17283,LS17304,"457,91","590,90","87,21","503,69","0,00","45,78",,"126,60","78,90","83,50","23,20","37,40","87,59",,"66,50"
18/09/2025,LS17305,LS17331,"770,71","936,80","88,09","848,71","0,20","76,22","1,78","450,00","65,30","17,90",,,"171,11",,"144,60"
19/09/2025,LS17332,LS17373,"1.173,96","1.408,30","116,21","1.292,09","0,00","116,67","1,46","742,81","139,19","28,30","149,70",,"183,99",,"48,10"
20/09/2025,LS17374,LS17405,"765,56","981,90","139,80","842,10","1,80","76,54",,"445,00","73,50",,"38,60","12,90","39,50",,"234,40"
21/09/2025,LS17406,LS17438,"660,48","827,30","100,64","726,66","0,00","65,91","0,27","278,80","75,90","69,00","26,00","32,80","102,16",,"142,00"
23/09/2025,LS17439,LS17453,"266,14","305,70","12,54","293,16","0,00","26,24","0,78","129,20","25,80",,,"12,90","34,26",,"91,00"
24/09/2025,LS17455,LS17467,"358,82","411,50","16,80","394,70","0,00","35,88",,"221,60",,"36,50",,,"67,00",,"69,60"
25/09/2025,LS17468,LS17493,"445,40","534,00","43,20","490,80","2,50","43,75","1,65","297,10",,"52,40","70,70",,"39,50",,"33,60"
26/09/2025,LS17488,LS17516,"840,43","954,10","29,64","924,46","0,00","84,03",,"597,60","29,40","27,10",,"30,70","83,86",,"155,80"
27/09/2025,LS17517,LS17558,"1.052,17","1.265,00","107,37","1.157,63","0,00","104,97","0,49","660,80","181,60","50,20",,,"46,33",,"218,70"
28/09/2025,LI100,LS17587,"758,14","943,50","109,34","834,16","7,70","75,59","0,43","268,20",,,"24,50","43,00","79,36",,"426,80"
30/09/2025,LS17588,LS17616,"537,44","648,90","57,46","591,44","0,00","53,51","0,49","221,20","49,40",,"164,64","25,00",,,"131,20"
01/10/2025,LS17617,LS17639,"607,09","706,40","38,60","667,80","0,00","60,71",,"223,50","290,10","50,00",,,,,"104,20"
02/10/2025,LS17640,LS17659,"399,12","492,50","53,20","439,30","0,00","39,69","0,49","159,00","85,40",,"25,50",,"74,00",,"95,40"
03/10/2025,LS17660,LS17700,"948,44","1.221,40","178,14","1.043,26","0,00","94,82",,"479,10","114,50",,"70,50",,"197,96",,"181,20"
04/10/2025,LS17701,LS17741,"974,06","1.219,40","147,67","1.071,73","1,50","97,11","0,56","353,70","108,70","84,90","49,40",,"60,33",,"416,20"
05/10/2025,LS17742,LS17772,"714,10","817,50","30,77","786,73","3,70","70,29","2,34","288,30","68,90","23,90","67,60","20,00","119,63",,"202,10"
07/10/2025,LS17773,LS17774,"14,73","16,20","0,00","16,20","0,00","1,47",,"16,20",,,,,,,
08/10/2025,LS17775,LS17788,"349,22","407,80","23,67","384,13","0,00","34,91",,"160,00","26,00",,,"52,80","86,33",,"59,00"
09/10/2025,LS17789,LS17808,"443,98","505,70","16,80","488,90","0,00","43,95","0,97","103,30","93,90",,,"45,00","28,50",,"218,20"
10/10/2025,LS17809,LS17853,"1.144,68","1.390,40","130,24","1.260,16","0,00","113,53","1,95","645,00","127,40","59,10","88,80","56,50","66,86",,"216,50"
11/10/2025,LS17854,LS17894,"996,87","1.189,90","93,10","1.096,80","0,00","99,44","0,49","364,30","134,90","72,30","126,60","94,20","70,80",,"233,70"
12/10/2025,LS17895,LS17924,"643,41","739,90","32,14","707,76","0,00","64,35",,"281,70","71,80","42,20","53,90","47,30","68,76",,"142,10"
14/10/2025,LS17925,LS17939,"280,29","325,10","16,80","308,30","0,00","28,01",,"178,80","5,20",,,"26,00","36,50",,"61,80"
15/10/2025,LS17940,LS17962,"559,08","647,50","32,25","615,25","1,10","55,68","0,49","213,45","238,25",,,,"137,75",,"26,90"
16/10/2025,LS17963,LS17976,"242,56","290,10","23,07","267,03","0,00","24,04","0,43","96,30",,,,,"50,43",,"120,30"
17/10/2025,LS17977,LS18001,"501,95","593,50","41,37","552,13","0,00","50,18",,"181,80","60,10","109,40",,"31,10","106,93",,"62,80"
18/10/2025,LS18002,LS18039,"927,70","1.156,70","135,96","1.020,74","0,00","92,51","0,53","355,30","9,90","64,50",,"34,00","241,74",,"315,30"
19/10/2025,LS18040,LS18062,"492,22","571,10","29,64","541,46","0,00","49,24",,"248,10","40,20","53,60",,"77,00","32,46",,"90,10"
21/10/2025,LS18063,LS18078,"356,44","425,60","33,51","392,09","0,00","35,65",,"52,20","26,00",,,"81,70","72,99",,"159,20"
22/10/2025,LS18079,LS18091,"223,94","269,40","23,07","246,33","0,00","22,39",,"69,30","9,90","45,00",,"28,00","17,13",,"77,00"
23/10/2025,LS18092,LS18106,"345,82","414,00","33,60","380,40","1,00","34,58",,"196,50","57,40","63,90",,"33,60",,,"30,00"
24/10/2025,LS18107,LS18152,"1.133,06","1.347,20","100,80","1.246,40","0,00","113,34",,"451,60","77,00","179,30",,"50,80","190,10",,"297,60"
25/10/2025,LS18153,LS18192,"1.113,57","1.349,80","123,87","1.225,93","0,00","110,47","1,89","316,20","177,70","172,70",,"281,70","127,63",,"150,00"
26/10/2025,LS18193,LS18211,"392,02","431,20","0,00","431,20","0,00","39,18",,"158,10","35,30","81,20",,,"30,50",,"126,10"
28/10/2025,LS18212,LS18225,"323,01","388,90","33,60","355,30","0,00","32,29",,"200,00","2,80","66,40",,,,,"86,10"
29/10/2025,LI102,LS18239,"328,99","412,80","50,40","362,40","0,00","32,44","0,97","108,70","9,90","83,00",,"39,90",,,"120,90"
30/10/2025,LI103,LS18250,"233,89","274,10","16,80","257,30","0,00","23,41",,"77,00","78,00",,,"16,80","30,00",,"55,50"
31/10/2025,LS18251,LS18289,"1.020,51","1.251,50","127,25","1.124,25","0,00","100,50","3,24","416,00","88,00","155,90",,"98,90","173,25",,"192,20"
01/11/2025,LS18290,LS18335,"1.341,25","1.545,40","69,51","1.475,89","0,00","133,67","0,97","396,00","45,80","224,90",,"143,50","265,09",,"400,60"
02/11/2025,LS18336,LS18365,"640,23","793,80","89,07","704,73","0,00","63,58","0,92","206,90","18,70","109,00",,"84,80","29,33",,"256,00"
04/11/2025,LS18366,LS18377,"318,28","350,10","0,00","350,10","0,00","31,82",,"125,30","24,90","59,50",,"14,20",,,"126,20"
05/11/2025,LS18378,LS18389,"349,01","417,50","33,60","383,90","0,00","34,89",,"55,30",,"60,50",,,"28,50",,"239,60"
06/11/2025,LS18390,LS18402,"265,84","329,30","35,91","293,39","0,00","25,71","1,84","33,40","30,80",,,,"102,09",,"127,10"
07/11/2025,LS18403,LS18442,"910,56","1.105,60","103,74","1.001,86","1,00","90,81","0,49","241,30","72,30","136,90",,"90,40","161,16",,"300,80"
08/11/2025,LS18443,LS18474,"836,13","1.024,30","103,80","920,50","0,00","82,91","1,46","437,80","40,80","85,90",,"122,70","114,00",,"119,30"
09/11/2025,LS18475,LS18495,"577,18","733,20","98,34","634,86","4,60","57,68",,"273,80","38,60","86,20",,"18,30","60,96",,"161,60"
11/11/2025,LS18496,LS18507,"210,49","267,70","35,91","231,79","0,00","20,81","0,49","38,00","1,80",,,,"78,09",,"113,90"
12/11/2025,LS18508,LS18527,"361,45","432,70","35,10","397,60","2,00","36,15",,"137,40","14,70","61,80",,"67,70",,,"118,00"
13/11/2025,LS18528,LS18549,"426,92","576,70","107,07","469,63","0,00","42,71",,"118,50","32,00","101,40",,"42,80","28,13",,"146,80"
14/11/2025,LS18550,LS18584,"869,20","1.016,10","59,47","956,63","0,00","86,46","0,97","284,90","74,10","168,70",,,"116,13",,"312,80"
15/11/2025,LS18585,LS18622,"1.044,74","1.223,10","73,38","1.149,72","0,00","104,06","0,92","318,84","92,56","173,90",,,"261,92",,"302,50"
16/11/2025,LS18623,LS18644,"571,09","729,00","100,80","628,20","5,00","57,11",,"184,40","26,80","55,30",,"47,80","42,50",,"276,40"
18/11/2025,LI104,LS18656,"285,60","339,00","24,87","314,13","0,00","28,53",,"102,70",,,,"73,70","27,33",,"110,40"
19/11/2025,LS18657,LS18673,"368,11","455,30","50,40","404,90","0,00","36,79",,"42,20","83,80",,,"50,40","75,50",,"153,00"
20/11/2025,LS18674,LS18691,"384,18","482,30","59,71","422,59","0,00","38,41",,"85,90","51,90","60,90",,,"173,59",,"50,30"
21/11/2025,LS18692,LS18724,"778,13","907,20","50,40","856,80","0,00","77,07","1,60","153,80","120,30","105,70",,"95,00","68,50",,"313,50"
22/11/2025,LS18725,LS18754,"690,78","828,70","67,44","761,26","0,00","67,82","2,66","250,20","111,70","29,50",,"99,60","142,76",,"127,50"
23/11/2025,LS18755,LS18785,"693,64","843,30","80,04","763,26","2,00","69,13","0,49","123,70","70,40","144,00",,"106,80","136,96",,"183,40"
25/11/2025,LS18786,LS18799,"249,36","324,70","50,40","274,30","0,00","24,94",,"19,80","90,70","51,40",,,"28,50",,"83,90"
26/11/2025,LS18800,LS18821,"462,07","660,50","152,21","508,29","1,20","46,22",,"70,80","21,80","42,50",,"80,60","81,69",,"212,10"
27/11/2025,LS18822,LS18843,"498,70","582,50","33,60","548,90","0,00","49,52","0,68","252,40",,"20,40",,"20,00","88,50",,"167,60"
28/11/2025,LS18844,LS18884,"1.027,32","1.204,70","73,77","1.130,93","0,00","102,00","1,61","198,30","77,70","219,80",,"131,10","99,33",,"404,70"
29/11/2025,LS18885,LS18927,"1.143,82","1.324,80","66,15","1.258,65","0,00","113,99","0,84","430,90","130,90","186,40",,"55,00","188,45",,"267,00"
30/11/2025,LS18928,LS18954,"570,73","768,50","140,67","627,83","2,00","57,10",,"109,60","9,90","100,90",,"90,10","26,63",,"292,70"
02/12/2025,LS18955,LS18961,"123,84","142,50","6,27","136,23","0,00","12,39",,"87,30",,"27,50",,,"21,43",,
03/12/2025,LS18962,LS18984,"478,50","543,15","16,80","526,35","6,00","47,85",,"116,80",,"48,40",,"159,50","105,00",,"102,65"
04/12/2025,LS18985,LS19005,"451,95","497,50","0,00","497,50","0,00","44,87","0,68","75,10","9,90","123,50",,,"98,50",,"190,50"
05/12/2025,LI105,LS19036,"852,73","1.016,40","77,91","938,49","1,50","84,79","0,97","408,70","178,30","57,50",,"90,00","140,49",,"65,00"
06/12/2025,LS19037,LS19067,"974,22","1.078,60","6,27","1.072,33","2,80","96,84","1,27","296,10","112,70","20,00",,"84,30","162,23",,"399,80"
07/12/2025,LS19068,LS19078,"294,04","323,70","0,00","323,70","0,00","29,17","0,49","149,00","59,00","81,20",,,"34,50",,
09/12/2025,LS19079,LS19090,"227,31","256,60","6,57","250,03","0,00","22,72",,"61,80","38,20","19,40",,,"88,33",,"42,30"
10/12/2025,LS19091,LS19102,"254,26","296,50","16,80","279,70","0,00","25,44",,"18,90","19,90","93,30",,"80,80","28,50",,"38,30"
TOTAL,,,"288.689,90","375.159,09","57.417,92","317.741,17","251,41","28.689,81","354,51","102.354,51","28.139,56","4.655,70","31.460,11","37.448,98","36.029,34","7.965,20","69.939,18"